2026-10-09T02:15:20.793Z  INFO 7600 --- [school-management] [restartedMain] c.s.s.SchoolManagementApplication        : Starting SchoolManagementApplication using Java 25.0.2 with PID 7600 (H:\My Files\Learning Now\school-management\target\classes started by Abdulrahim Jalloh in H:\My Files\Learning Now\school-management)
2026-10-09T02:15:20.802Z DEBUG 7600 --- [school-management] [restartedMain] c.s.s.SchoolManagementApplication        : Running with Spring Boot v4.0.5, Spring v7.0.6
2026-10-09T02:15:20.804Z  INFO 7600 --- [school-management] [restartedMain] c.s.s.SchoolManagementApplication        : No active profile set, falling back to 1 default profile: "default"
2026-10-09T02:15:24.017Z  INFO 7600 --- [school-management] [restartedMain] .e.DevToolsPropertyDefaultsPostProcessor : Devtools property defaults active! Set 'spring.devtools.add-properties' to 'false' to disable
2026-10-09T02:15:24.019Z  INFO 7600 --- [school-management] [restartedMain] .e.DevToolsPropertyDefaultsPostProcessor : For additional web related logging consider setting the 'logging.level.web' property to 'DEBUG'
2026-10-09T02:15:26.681Z  INFO 7600 --- [school-management] [restartedMain] .s.d.r.c.RepositoryConfigurationDelegate : Bootstrapping Spring Data JPA repositories in DEFAULT mode.
2026-10-09T02:15:26.834Z  INFO 7600 --- [school-management] [restartedMain] .s.d.r.c.RepositoryConfigurationDelegate : Finished Spring Data repository scanning in 129 ms. Found 5 JPA repository interfaces.
2026-10-09T02:15:28.642Z  INFO 7600 --- [school-management] [restartedMain] o.s.boot.tomcat.TomcatWebServer          : Tomcat initialized with port 8080 (http)
2026-10-09T02:15:28.671Z  INFO 7600 --- [school-management] [restartedMain] o.apache.catalina.core.StandardService   : Starting service [Tomcat]
2026-10-09T02:15:28.671Z  INFO 7600 --- [school-management] [restartedMain] o.apache.catalina.core.StandardEngine    : Starting Servlet engine: [Apache Tomcat/11.0.20]
2026-10-09T02:15:28.786Z  INFO 7600 --- [school-management] [restartedMain] b.w.c.s.WebApplicationContextInitializer : Root WebApplicationContext: initialization completed in 4764 ms
2026-10-09T02:15:29.359Z  INFO 7600 --- [school-management] [restartedMain] org.hibernate.orm.jpa                    : HHH008540: Processing PersistenceUnitInfo [name: default]
2026-10-09T02:15:34.033Z  INFO 7600 --- [school-management] [restartedMain] org.hibernate.orm.core                   : HHH000001: Hibernate ORM core version 7.2.7.Final
2026-10-09T02:15:35.851Z  INFO 7600 --- [school-management] [restartedMain] o.s.o.j.p.SpringPersistenceUnitInfo      : No LoadTimeWeaver setup: ignoring JPA class transformer
2026-10-09T02:15:35.908Z  INFO 7600 --- [school-management] [restartedMain] com.zaxxer.hikari.HikariDataSource       : HikariPool-1 - Starting...
2026-10-09T02:15:36.172Z  INFO 7600 --- [school-management] [restartedMain] com.zaxxer.hikari.pool.HikariPool        : HikariPool-1 - Added connection org.postgresql.jdbc.PgConnection@a804c4d
2026-10-09T02:15:36.175Z  INFO 7600 --- [school-management] [restartedMain] com.zaxxer.hikari.HikariDataSource       : HikariPool-1 - Start completed.
2026-10-09T02:15:36.236Z  WARN 7600 --- [school-management] [restartedMain] org.hibernate.orm.deprecation            : HHH90000025: PostgreSQLDialect does not need to be specified explicitly using 'hibernate.dialect' (remove the property setting and it will be selected by default)
2026-10-09T02:15:36.278Z  INFO 7600 --- [school-management] [restartedMain] org.hibernate.orm.connections.pooling    : HHH10001005: Database info:
	Database JDBC URL [jdbc:postgresql://localhost:5432/schoolmgn_db]
	Database driver: PostgreSQL JDBC Driver
	Database dialect: PostgreSQLDialect
	Database version: 18.1
	Default catalog/schema: schoolmgn_db/public
	Autocommit mode: undefined/unknown
	Isolation level: READ_COMMITTED [default READ_COMMITTED]
	JDBC fetch size: none
	Pool: DataSourceConnectionProvider
	Minimum pool size: undefined/unknown
	Maximum pool size: undefined/unknown
2026-10-09T02:15:38.801Z  INFO 7600 --- [school-management] [restartedMain] org.hibernate.orm.core                   : HHH000489: No JTA platform available (set 'hibernate.transaction.jta.platform' to enable JTA platform integration)
2026-10-09T02:15:39.015Z  INFO 7600 --- [school-management] [restartedMain] j.LocalContainerEntityManagerFactoryBean : Initialized JPA EntityManagerFactory for persistence unit 'default'
2026-10-09T02:15:39.137Z  INFO 7600 --- [school-management] [restartedMain] o.s.d.j.r.query.QueryEnhancerFactories   : Hibernate is in classpath; If applicable, HQL parser will be used.
2026-10-09T02:15:39.476Z DEBUG 7600 --- [school-management] [restartedMain] c.s.s.security.JwtAuthenticationFilter   : Filter 'jwtAuthenticationFilter' configured for use
2026-10-09T02:15:39.572Z  INFO 7600 --- [school-management] [restartedMain] eAuthenticationProviderManagerConfigurer : Global AuthenticationManager configured with AuthenticationProvider bean with name authenticationProvider
2026-10-09T02:15:39.573Z  WARN 7600 --- [school-management] [restartedMain] r$InitializeUserDetailsManagerConfigurer : Global AuthenticationManager configured with an AuthenticationProvider bean. UserDetailsService beans will not be used by Spring Security for automatically configuring username/password login. Consider removing the AuthenticationProvider bean. Alternatively, consider using the UserDetailsService in a manually instantiated DaoAuthenticationProvider. If the current configuration is intentional, to turn off this warning, increase the logging level of 'org.springframework.security.config.annotation.authentication.configuration.InitializeUserDetailsBeanManagerConfigurer' to ERROR
2026-10-09T02:15:39.938Z  WARN 7600 --- [school-management] [restartedMain] JpaBaseConfiguration$JpaWebConfiguration : spring.jpa.open-in-view is enabled by default. Therefore, database queries may be performed during view rendering. Explicitly configure spring.jpa.open-in-view to disable this warning
2026-10-09T02:15:41.632Z  INFO 7600 --- [school-management] [restartedMain] o.s.b.a.e.web.EndpointLinksResolver      : Exposing 3 endpoints beneath base path '/actuator'
2026-10-09T02:15:41.904Z  INFO 7600 --- [school-management] [restartedMain] o.s.boot.tomcat.TomcatWebServer          : Tomcat started on port 8080 (http) with context path '/'
2026-10-09T02:15:41.935Z  INFO 7600 --- [school-management] [restartedMain] c.s.s.SchoolManagementApplication        : Started SchoolManagementApplication in 22.127 seconds (process running for 24.534)
2026-10-09T02:15:42.506Z DEBUG 7600 --- [school-management] [scheduling-1] org.hibernate.SQL                        : 
    select
        count(*) 
    from
        courses c1_0
2026-10-09T02:15:42.506Z DEBUG 7600 --- [school-management] [restartedMain] org.hibernate.SQL                        : 
    select
        count(*) 
    from
        students s1_0
2026-10-09T02:15:42.537Z DEBUG 7600 --- [school-management] [scheduling-1] org.hibernate.SQL                        : 
    select
        count(*) 
    from
        students s1_0
2026-10-09T02:15:43.199Z  INFO 7600 --- [school-management] [RMI TCP Connection(3)-10.2.0.2] o.a.c.c.C.[Tomcat].[localhost].[/]       : Initializing Spring DispatcherServlet 'dispatcherServlet'
2026-10-09T02:15:43.203Z  INFO 7600 --- [school-management] [RMI TCP Connection(3)-10.2.0.2] o.s.web.servlet.DispatcherServlet        : Initializing Servlet 'dispatcherServlet'
2026-10-09T02:15:43.209Z  INFO 7600 --- [school-management] [RMI TCP Connection(3)-10.2.0.2] o.s.web.servlet.DispatcherServlet        : Completed initialization in 6 ms
2026-10-09T02:16:11.934Z DEBUG 7600 --- [school-management] [scheduling-1] org.hibernate.SQL                        : 
    select
        count(*) 
    from
        students s1_0
2026-10-09T02:16:41.933Z DEBUG 7600 --- [school-management] [scheduling-1] org.hibernate.SQL                        : 
    select
        count(*) 
    from
        courses c1_0
2026-10-09T02:16:41.936Z DEBUG 7600 --- [school-management] [scheduling-1] org.hibernate.SQL                        : 
    select
        count(*) 
    from
        students s1_0
2026-10-09T02:17:11.937Z DEBUG 7600 --- [school-management] [scheduling-1] org.hibernate.SQL                        : 
    select
        count(*) 
    from
        students s1_0
2026-10-09T02:17:41.933Z DEBUG 7600 --- [school-management] [scheduling-1] org.hibernate.SQL                        : 
    select
        count(*) 
    from
        courses c1_0
2026-10-09T02:17:41.936Z DEBUG 7600 --- [school-management] [scheduling-1] org.hibernate.SQL                        : 
    select
        count(*) 
    from
        students s1_0
2026-10-09T02:18:11.935Z DEBUG 7600 --- [school-management] [scheduling-1] org.hibernate.SQL                        : 
    select
        count(*) 
    from
        students s1_0
2026-10-09T02:18:41.933Z DEBUG 7600 --- [school-management] [scheduling-1] org.hibernate.SQL                        : 
    select
        count(*) 
    from
        courses c1_0
2026-10-09T02:18:41.937Z DEBUG 7600 --- [school-management] [scheduling-1] org.hibernate.SQL                        : 
    select
        count(*) 
    from
        students s1_0
2026-10-09T02:19:11.935Z DEBUG 7600 --- [school-management] [scheduling-1] org.hibernate.SQL                        : 
    select
        count(*) 
    from
        students s1_0
2026-10-09T02:19:41.934Z DEBUG 7600 --- [school-management] [scheduling-1] org.hibernate.SQL                        : 
    select
        count(*) 
    from
        courses c1_0
2026-10-09T02:19:41.937Z DEBUG 7600 --- [school-management] [scheduling-1] org.hibernate.SQL                        : 
    select
        count(*) 
    from
        students s1_0
2026-10-09T02:20:11.933Z DEBUG 7600 --- [school-management] [scheduling-1] org.hibernate.SQL                        : 
    select
        count(*) 
    from
        students s1_0
2026-10-09T02:20:41.934Z DEBUG 7600 --- [school-management] [scheduling-1] org.hibernate.SQL                        : 
    select
        count(*) 
    from
        courses c1_0
2026-10-09T02:20:41.936Z DEBUG 7600 --- [school-management] [scheduling-1] org.hibernate.SQL                        : 
    select
        count(*) 
    from
        students s1_0
2026-10-09T02:21:11.934Z DEBUG 7600 --- [school-management] [scheduling-1] org.hibernate.SQL                        : 
    select
        count(*) 
    from
        students s1_0
2026-10-09T02:21:41.933Z DEBUG 7600 --- [school-management] [scheduling-1] org.hibernate.SQL                        : 
    select
        count(*) 
    from
        courses c1_0
2026-10-09T02:21:41.935Z DEBUG 7600 --- [school-management] [scheduling-1] org.hibernate.SQL                        : 
    select
        count(*) 
    from
        students s1_0
2026-10-09T02:22:11.934Z DEBUG 7600 --- [school-management] [scheduling-1] org.hibernate.SQL                        : 
    select
        count(*) 
    from
        students s1_0
2026-10-09T02:22:28.147Z  INFO 7600 --- [school-management] [http-nio-8080-exec-2] o.springdoc.api.AbstractOpenApiResource  : Init duration for springdoc-openapi is: 1672 ms
2026-10-09T02:22:41.934Z DEBUG 7600 --- [school-management] [scheduling-1] org.hibernate.SQL                        : 
    select
        count(*) 
    from
        courses c1_0
2026-10-09T02:22:41.937Z DEBUG 7600 --- [school-management] [scheduling-1] org.hibernate.SQL                        : 
    select
        count(*) 
    from
        students s1_0
2026-10-09T02:23:11.940Z DEBUG 7600 --- [school-management] [scheduling-1] org.hibernate.SQL                        : 
    select
        count(*) 
    from
        students s1_0
2026-10-09T02:23:30.430Z ERROR 7600 --- [school-management] [http-nio-8080-exec-10] o.a.c.c.C.[.[.[/].[dispatcherServlet]    : Servlet.service() for servlet [dispatcherServlet] in context with path [] threw exception

io.jsonwebtoken.ExpiredJwtException: JWT expired 169426428 milliseconds ago at 2026-10-07T03:19:44.000Z. Current time: 2026-10-09T02:23:30.428Z. Allowed clock skew: 0 milliseconds.
	at io.jsonwebtoken.impl.DefaultJwtParser.parse(DefaultJwtParser.java:688) ~[jjwt-impl-0.13.0.jar:0.13.0]
	at io.jsonwebtoken.impl.DefaultJwtParser.parse(DefaultJwtParser.java:364) ~[jjwt-impl-0.13.0.jar:0.13.0]
	at io.jsonwebtoken.impl.DefaultJwtParser.parse(DefaultJwtParser.java:94) ~[jjwt-impl-0.13.0.jar:0.13.0]
	at io.jsonwebtoken.impl.io.AbstractParser.parse(AbstractParser.java:36) ~[jjwt-impl-0.13.0.jar:0.13.0]
	at io.jsonwebtoken.impl.io.AbstractParser.parse(AbstractParser.java:29) ~[jjwt-impl-0.13.0.jar:0.13.0]
	at io.jsonwebtoken.impl.DefaultJwtParser.parseSignedClaims(DefaultJwtParser.java:827) ~[jjwt-impl-0.13.0.jar:0.13.0]
	at com.school.school_management.security.JwtUtil.extractClaims(JwtUtil.java:84) ~[classes/:na]
	at com.school.school_management.security.JwtUtil.extractUsername(JwtUtil.java:54) ~[classes/:na]
	at com.school.school_management.security.JwtAuthenticationFilter.doFilterInternal(JwtAuthenticationFilter.java:50) ~[classes/:na]
	at org.springframework.web.filter.OncePerRequestFilter.doFilter(OncePerRequestFilter.java:116) ~[spring-web-7.0.6.jar:7.0.6]
	at org.springframework.security.web.ObservationFilterChainDecorator$ObservationFilter.wrapFilter(ObservationFilterChainDecorator.java:244) ~[spring-security-web-7.0.4.jar:7.0.4]
	at org.springframework.security.web.ObservationFilterChainDecorator$ObservationFilter.doFilter(ObservationFilterChainDecorator.java:231) ~[spring-security-web-7.0.4.jar:7.0.4]
	at org.springframework.security.web.ObservationFilterChainDecorator$VirtualFilterChain.doFilter(ObservationFilterChainDecorator.java:141) ~[spring-security-web-7.0.4.jar:7.0.4]
	at org.springframework.security.web.authentication.logout.LogoutFilter.doFilter(LogoutFilter.java:110) ~[spring-security-web-7.0.4.jar:7.0.4]
	at org.springframework.security.web.authentication.logout.LogoutFilter.doFilter(LogoutFilter.java:96) ~[spring-security-web-7.0.4.jar:7.0.4]
	at org.springframework.security.web.ObservationFilterChainDecorator$ObservationFilter.wrapFilter(ObservationFilterChainDecorator.java:244) ~[spring-security-web-7.0.4.jar:7.0.4]
	at org.springframework.security.web.ObservationFilterChainDecorator$ObservationFilter.doFilter(ObservationFilterChainDecorator.java:231) ~[spring-security-web-7.0.4.jar:7.0.4]
	at org.springframework.security.web.ObservationFilterChainDecorator$VirtualFilterChain.doFilter(ObservationFilterChainDecorator.java:141) ~[spring-security-web-7.0.4.jar:7.0.4]
	at org.springframework.security.web.header.HeaderWriterFilter.doHeadersAfter(HeaderWriterFilter.java:90) ~[spring-security-web-7.0.4.jar:7.0.4]
	at org.springframework.security.web.header.HeaderWriterFilter.doFilterInternal(HeaderWriterFilter.java:75) ~[spring-security-web-7.0.4.jar:7.0.4]
	at org.springframework.web.filter.OncePerRequestFilter.doFilter(OncePerRequestFilter.java:116) ~[spring-web-7.0.6.jar:7.0.6]
	at org.springframework.security.web.ObservationFilterChainDecorator$ObservationFilter.wrapFilter(ObservationFilterChainDecorator.java:244) ~[spring-security-web-7.0.4.jar:7.0.4]
	at org.springframework.security.web.ObservationFilterChainDecorator$ObservationFilter.doFilter(ObservationFilterChainDecorator.java:231) ~[spring-security-web-7.0.4.jar:7.0.4]
	at org.springframework.security.web.ObservationFilterChainDecorator$VirtualFilterChain.doFilter(ObservationFilterChainDecorator.java:141) ~[spring-security-web-7.0.4.jar:7.0.4]
	at org.springframework.security.web.context.SecurityContextHolderFilter.doFilter(SecurityContextHolderFilter.java:82) ~[spring-security-web-7.0.4.jar:7.0.4]
	at org.springframework.security.web.context.SecurityContextHolderFilter.doFilter(SecurityContextHolderFilter.java:69) ~[spring-security-web-7.0.4.jar:7.0.4]
	at org.springframework.security.web.ObservationFilterChainDecorator$ObservationFilter.wrapFilter(ObservationFilterChainDecorator.java:244) ~[spring-security-web-7.0.4.jar:7.0.4]
	at org.springframework.security.web.ObservationFilterChainDecorator$ObservationFilter.doFilter(ObservationFilterChainDecorator.java:231) ~[spring-security-web-7.0.4.jar:7.0.4]
	at org.springframework.security.web.ObservationFilterChainDecorator$VirtualFilterChain.doFilter(ObservationFilterChainDecorator.java:141) ~[spring-security-web-7.0.4.jar:7.0.4]
	at org.springframework.security.web.context.request.async.WebAsyncManagerIntegrationFilter.doFilterInternal(WebAsyncManagerIntegrationFilter.java:62) ~[spring-security-web-7.0.4.jar:7.0.4]
	at org.springframework.web.filter.OncePerRequestFilter.doFilter(OncePerRequestFilter.java:116) ~[spring-web-7.0.6.jar:7.0.6]
	at org.springframework.security.web.ObservationFilterChainDecorator$ObservationFilter.wrapFilter(ObservationFilterChainDecorator.java:244) ~[spring-security-web-7.0.4.jar:7.0.4]
	at org.springframework.security.web.ObservationFilterChainDecorator$ObservationFilter.doFilter(ObservationFilterChainDecorator.java:231) ~[spring-security-web-7.0.4.jar:7.0.4]
	at org.springframework.security.web.ObservationFilterChainDecorator$VirtualFilterChain.doFilter(ObservationFilterChainDecorator.java:141) ~[spring-security-web-7.0.4.jar:7.0.4]
	at org.springframework.security.web.session.DisableEncodeUrlFilter.doFilterInternal(DisableEncodeUrlFilter.java:42) ~[spring-security-web-7.0.4.jar:7.0.4]
	at org.springframework.web.filter.OncePerRequestFilter.doFilter(OncePerRequestFilter.java:116) ~[spring-web-7.0.6.jar:7.0.6]
	at org.springframework.security.web.ObservationFilterChainDecorator$ObservationFilter.wrapFilter(ObservationFilterChainDecorator.java:244) ~[spring-security-web-7.0.4.jar:7.0.4]
	at org.springframework.security.web.ObservationFilterChainDecorator$AroundFilterObservation$SimpleAroundFilterObservation.lambda$wrap$0(ObservationFilterChainDecorator.java:337) ~[spring-security-web-7.0.4.jar:7.0.4]
	at org.springframework.security.web.ObservationFilterChainDecorator$ObservationFilter.doFilter(ObservationFilterChainDecorator.java:228) ~[spring-security-web-7.0.4.jar:7.0.4]
	at org.springframework.security.web.ObservationFilterChainDecorator$VirtualFilterChain.doFilter(ObservationFilterChainDecorator.java:141) ~[spring-security-web-7.0.4.jar:7.0.4]
	at org.springframework.security.web.FilterChainProxy.doFilterInternal(FilterChainProxy.java:237) ~[spring-security-web-7.0.4.jar:7.0.4]
	at org.springframework.security.web.FilterChainProxy.doFilter(FilterChainProxy.java:195) ~[spring-security-web-7.0.4.jar:7.0.4]
	at org.springframework.web.filter.CompositeFilter$VirtualFilterChain.doFilter(CompositeFilter.java:113) ~[spring-web-7.0.6.jar:7.0.6]
	at org.springframework.web.filter.ServletRequestPathFilter.doFilter(ServletRequestPathFilter.java:52) ~[spring-web-7.0.6.jar:7.0.6]
	at org.springframework.web.filter.CompositeFilter$VirtualFilterChain.doFilter(CompositeFilter.java:113) ~[spring-web-7.0.6.jar:7.0.6]
	at org.springframework.web.filter.CompositeFilter.doFilter(CompositeFilter.java:74) ~[spring-web-7.0.6.jar:7.0.6]
	at org.springframework.security.config.annotation.web.configuration.WebSecurityConfiguration$CompositeFilterChainProxy.doFilter(WebSecurityConfiguration.java:317) ~[spring-security-config-7.0.4.jar:7.0.4]
	at org.springframework.web.filter.DelegatingFilterProxy.invokeDelegate(DelegatingFilterProxy.java:355) ~[spring-web-7.0.6.jar:7.0.6]
	at org.springframework.web.filter.DelegatingFilterProxy.doFilter(DelegatingFilterProxy.java:272) ~[spring-web-7.0.6.jar:7.0.6]
	at org.apache.catalina.core.ApplicationFilterChain.doFilter(ApplicationFilterChain.java:107) ~[tomcat-embed-core-11.0.20.jar:11.0.20]
	at org.springframework.web.filter.RequestContextFilter.doFilterInternal(RequestContextFilter.java:100) ~[spring-web-7.0.6.jar:7.0.6]
	at org.springframework.web.filter.OncePerRequestFilter.doFilter(OncePerRequestFilter.java:116) ~[spring-web-7.0.6.jar:7.0.6]
	at org.apache.catalina.core.ApplicationFilterChain.doFilter(ApplicationFilterChain.java:107) ~[tomcat-embed-core-11.0.20.jar:11.0.20]
	at org.springframework.web.filter.FormContentFilter.doFilterInternal(FormContentFilter.java:93) ~[spring-web-7.0.6.jar:7.0.6]
	at org.springframework.web.filter.OncePerRequestFilter.doFilter(OncePerRequestFilter.java:116) ~[spring-web-7.0.6.jar:7.0.6]
	at org.apache.catalina.core.ApplicationFilterChain.doFilter(ApplicationFilterChain.java:107) ~[tomcat-embed-core-11.0.20.jar:11.0.20]
	at org.springframework.web.filter.ServerHttpObservationFilter.doFilterInternal(ServerHttpObservationFilter.java:110) ~[spring-web-7.0.6.jar:7.0.6]
	at org.springframework.web.filter.OncePerRequestFilter.doFilter(OncePerRequestFilter.java:116) ~[spring-web-7.0.6.jar:7.0.6]
	at org.apache.catalina.core.ApplicationFilterChain.doFilter(ApplicationFilterChain.java:107) ~[tomcat-embed-core-11.0.20.jar:11.0.20]
	at org.springframework.web.filter.CharacterEncodingFilter.doFilterInternal(CharacterEncodingFilter.java:199) ~[spring-web-7.0.6.jar:7.0.6]
	at org.springframework.web.filter.OncePerRequestFilter.doFilter(OncePerRequestFilter.java:116) ~[spring-web-7.0.6.jar:7.0.6]
	at org.apache.catalina.core.ApplicationFilterChain.doFilter(ApplicationFilterChain.java:107) ~[tomcat-embed-core-11.0.20.jar:11.0.20]
	at org.apache.catalina.core.StandardWrapperValve.invoke(StandardWrapperValve.java:165) ~[tomcat-embed-core-11.0.20.jar:11.0.20]
	at org.apache.catalina.core.StandardContextValve.invoke(StandardContextValve.java:77) ~[tomcat-embed-core-11.0.20.jar:11.0.20]
	at org.apache.catalina.authenticator.AuthenticatorBase.invoke(AuthenticatorBase.java:492) ~[tomcat-embed-core-11.0.20.jar:11.0.20]
	at org.apache.catalina.core.StandardHostValve.invoke(StandardHostValve.java:113) ~[tomcat-embed-core-11.0.20.jar:11.0.20]
	at org.apache.catalina.valves.ErrorReportValve.invoke(ErrorReportValve.java:83) ~[tomcat-embed-core-11.0.20.jar:11.0.20]
	at org.apache.catalina.core.StandardEngineValve.invoke(StandardEngineValve.java:72) ~[tomcat-embed-core-11.0.20.jar:11.0.20]
	at org.apache.catalina.connector.CoyoteAdapter.service(CoyoteAdapter.java:341) ~[tomcat-embed-core-11.0.20.jar:11.0.20]
	at org.apache.coyote.http11.Http11Processor.service(Http11Processor.java:397) ~[tomcat-embed-core-11.0.20.jar:11.0.20]
	at org.apache.coyote.AbstractProcessorLight.process(AbstractProcessorLight.java:63) ~[tomcat-embed-core-11.0.20.jar:11.0.20]
	at org.apache.coyote.AbstractProtocol$ConnectionHandler.process(AbstractProtocol.java:903) ~[tomcat-embed-core-11.0.20.jar:11.0.20]
	at org.apache.tomcat.util.net.NioEndpoint$SocketProcessor.doRun(NioEndpoint.java:1779) ~[tomcat-embed-core-11.0.20.jar:11.0.20]
	at org.apache.tomcat.util.net.SocketProcessorBase.run(SocketProcessorBase.java:52) ~[tomcat-embed-core-11.0.20.jar:11.0.20]
	at org.apache.tomcat.util.threads.ThreadPoolExecutor.runWorker(ThreadPoolExecutor.java:946) ~[tomcat-embed-core-11.0.20.jar:11.0.20]
	at org.apache.tomcat.util.threads.ThreadPoolExecutor$Worker.run(ThreadPoolExecutor.java:480) ~[tomcat-embed-core-11.0.20.jar:11.0.20]
	at org.apache.tomcat.util.threads.TaskThread$WrappingRunnable.run(TaskThread.java:57) ~[tomcat-embed-core-11.0.20.jar:11.0.20]
	at java.base/java.lang.Thread.run(Thread.java:1474) ~[na:na]

2026-10-09T02:23:41.937Z DEBUG 7600 --- [school-management] [scheduling-1] org.hibernate.SQL                        : 
    select
        count(*) 
    from
        courses c1_0
2026-10-09T02:23:41.941Z DEBUG 7600 --- [school-management] [scheduling-1] org.hibernate.SQL                        : 
    select
        count(*) 
    from
        students s1_0
2026-10-09T02:24:03.326Z ERROR 7600 --- [school-management] [http-nio-8080-exec-9] o.a.c.c.C.[.[.[/].[dispatcherServlet]    : Servlet.service() for servlet [dispatcherServlet] in context with path [] threw exception

io.jsonwebtoken.ExpiredJwtException: JWT expired 169459326 milliseconds ago at 2026-10-07T03:19:44.000Z. Current time: 2026-10-09T02:24:03.326Z. Allowed clock skew: 0 milliseconds.
	at io.jsonwebtoken.impl.DefaultJwtParser.parse(DefaultJwtParser.java:688) ~[jjwt-impl-0.13.0.jar:0.13.0]
	at io.jsonwebtoken.impl.DefaultJwtParser.parse(DefaultJwtParser.java:364) ~[jjwt-impl-0.13.0.jar:0.13.0]
	at io.jsonwebtoken.impl.DefaultJwtParser.parse(DefaultJwtParser.java:94) ~[jjwt-impl-0.13.0.jar:0.13.0]
	at io.jsonwebtoken.impl.io.AbstractParser.parse(AbstractParser.java:36) ~[jjwt-impl-0.13.0.jar:0.13.0]
	at io.jsonwebtoken.impl.io.AbstractParser.parse(AbstractParser.java:29) ~[jjwt-impl-0.13.0.jar:0.13.0]
	at io.jsonwebtoken.impl.DefaultJwtParser.parseSignedClaims(DefaultJwtParser.java:827) ~[jjwt-impl-0.13.0.jar:0.13.0]
	at com.school.school_management.security.JwtUtil.extractClaims(JwtUtil.java:84) ~[classes/:na]
	at com.school.school_management.security.JwtUtil.extractUsername(JwtUtil.java:54) ~[classes/:na]
	at com.school.school_management.security.JwtAuthenticationFilter.doFilterInternal(JwtAuthenticationFilter.java:50) ~[classes/:na]
	at org.springframework.web.filter.OncePerRequestFilter.doFilter(OncePerRequestFilter.java:116) ~[spring-web-7.0.6.jar:7.0.6]
	at org.springframework.security.web.ObservationFilterChainDecorator$ObservationFilter.wrapFilter(ObservationFilterChainDecorator.java:244) ~[spring-security-web-7.0.4.jar:7.0.4]
	at org.springframework.security.web.ObservationFilterChainDecorator$ObservationFilter.doFilter(ObservationFilterChainDecorator.java:231) ~[spring-security-web-7.0.4.jar:7.0.4]
	at org.springframework.security.web.ObservationFilterChainDecorator$VirtualFilterChain.doFilter(ObservationFilterChainDecorator.java:141) ~[spring-security-web-7.0.4.jar:7.0.4]
	at org.springframework.security.web.authentication.logout.LogoutFilter.doFilter(LogoutFilter.java:110) ~[spring-security-web-7.0.4.jar:7.0.4]
	at org.springframework.security.web.authentication.logout.LogoutFilter.doFilter(LogoutFilter.java:96) ~[spring-security-web-7.0.4.jar:7.0.4]
	at org.springframework.security.web.ObservationFilterChainDecorator$ObservationFilter.wrapFilter(ObservationFilterChainDecorator.java:244) ~[spring-security-web-7.0.4.jar:7.0.4]
	at org.springframework.security.web.ObservationFilterChainDecorator$ObservationFilter.doFilter(ObservationFilterChainDecorator.java:231) ~[spring-security-web-7.0.4.jar:7.0.4]
	at org.springframework.security.web.ObservationFilterChainDecorator$VirtualFilterChain.doFilter(ObservationFilterChainDecorator.java:141) ~[spring-security-web-7.0.4.jar:7.0.4]
	at org.springframework.security.web.header.HeaderWriterFilter.doHeadersAfter(HeaderWriterFilter.java:90) ~[spring-security-web-7.0.4.jar:7.0.4]
	at org.springframework.security.web.header.HeaderWriterFilter.doFilterInternal(HeaderWriterFilter.java:75) ~[spring-security-web-7.0.4.jar:7.0.4]
	at org.springframework.web.filter.OncePerRequestFilter.doFilter(OncePerRequestFilter.java:116) ~[spring-web-7.0.6.jar:7.0.6]
	at org.springframework.security.web.ObservationFilterChainDecorator$ObservationFilter.wrapFilter(ObservationFilterChainDecorator.java:244) ~[spring-security-web-7.0.4.jar:7.0.4]
	at org.springframework.security.web.ObservationFilterChainDecorator$ObservationFilter.doFilter(ObservationFilterChainDecorator.java:231) ~[spring-security-web-7.0.4.jar:7.0.4]
	at org.springframework.security.web.ObservationFilterChainDecorator$VirtualFilterChain.doFilter(ObservationFilterChainDecorator.java:141) ~[spring-security-web-7.0.4.jar:7.0.4]
	at org.springframework.security.web.context.SecurityContextHolderFilter.doFilter(SecurityContextHolderFilter.java:82) ~[spring-security-web-7.0.4.jar:7.0.4]
	at org.springframework.security.web.context.SecurityContextHolderFilter.doFilter(SecurityContextHolderFilter.java:69) ~[spring-security-web-7.0.4.jar:7.0.4]
	at org.springframework.security.web.ObservationFilterChainDecorator$ObservationFilter.wrapFilter(ObservationFilterChainDecorator.java:244) ~[spring-security-web-7.0.4.jar:7.0.4]
	at org.springframework.security.web.ObservationFilterChainDecorator$ObservationFilter.doFilter(ObservationFilterChainDecorator.java:231) ~[spring-security-web-7.0.4.jar:7.0.4]
	at org.springframework.security.web.ObservationFilterChainDecorator$VirtualFilterChain.doFilter(ObservationFilterChainDecorator.java:141) ~[spring-security-web-7.0.4.jar:7.0.4]
	at org.springframework.security.web.context.request.async.WebAsyncManagerIntegrationFilter.doFilterInternal(WebAsyncManagerIntegrationFilter.java:62) ~[spring-security-web-7.0.4.jar:7.0.4]
	at org.springframework.web.filter.OncePerRequestFilter.doFilter(OncePerRequestFilter.java:116) ~[spring-web-7.0.6.jar:7.0.6]
	at org.springframework.security.web.ObservationFilterChainDecorator$ObservationFilter.wrapFilter(ObservationFilterChainDecorator.java:244) ~[spring-security-web-7.0.4.jar:7.0.4]
	at org.springframework.security.web.ObservationFilterChainDecorator$ObservationFilter.doFilter(ObservationFilterChainDecorator.java:231) ~[spring-security-web-7.0.4.jar:7.0.4]
	at org.springframework.security.web.ObservationFilterChainDecorator$VirtualFilterChain.doFilter(ObservationFilterChainDecorator.java:141) ~[spring-security-web-7.0.4.jar:7.0.4]
	at org.springframework.security.web.session.DisableEncodeUrlFilter.doFilterInternal(DisableEncodeUrlFilter.java:42) ~[spring-security-web-7.0.4.jar:7.0.4]
	at org.springframework.web.filter.OncePerRequestFilter.doFilter(OncePerRequestFilter.java:116) ~[spring-web-7.0.6.jar:7.0.6]
	at org.springframework.security.web.ObservationFilterChainDecorator$ObservationFilter.wrapFilter(ObservationFilterChainDecorator.java:244) ~[spring-security-web-7.0.4.jar:7.0.4]
	at org.springframework.security.web.ObservationFilterChainDecorator$AroundFilterObservation$SimpleAroundFilterObservation.lambda$wrap$0(ObservationFilterChainDecorator.java:337) ~[spring-security-web-7.0.4.jar:7.0.4]
	at org.springframework.security.web.ObservationFilterChainDecorator$ObservationFilter.doFilter(ObservationFilterChainDecorator.java:228) ~[spring-security-web-7.0.4.jar:7.0.4]
	at org.springframework.security.web.ObservationFilterChainDecorator$VirtualFilterChain.doFilter(ObservationFilterChainDecorator.java:141) ~[spring-security-web-7.0.4.jar:7.0.4]
	at org.springframework.security.web.FilterChainProxy.doFilterInternal(FilterChainProxy.java:237) ~[spring-security-web-7.0.4.jar:7.0.4]
	at org.springframework.security.web.FilterChainProxy.doFilter(FilterChainProxy.java:195) ~[spring-security-web-7.0.4.jar:7.0.4]
	at org.springframework.web.filter.CompositeFilter$VirtualFilterChain.doFilter(CompositeFilter.java:113) ~[spring-web-7.0.6.jar:7.0.6]
	at org.springframework.web.filter.ServletRequestPathFilter.doFilter(ServletRequestPathFilter.java:52) ~[spring-web-7.0.6.jar:7.0.6]
	at org.springframework.web.filter.CompositeFilter$VirtualFilterChain.doFilter(CompositeFilter.java:113) ~[spring-web-7.0.6.jar:7.0.6]
	at org.springframework.web.filter.CompositeFilter.doFilter(CompositeFilter.java:74) ~[spring-web-7.0.6.jar:7.0.6]
	at org.springframework.security.config.annotation.web.configuration.WebSecurityConfiguration$CompositeFilterChainProxy.doFilter(WebSecurityConfiguration.java:317) ~[spring-security-config-7.0.4.jar:7.0.4]
	at org.springframework.web.filter.DelegatingFilterProxy.invokeDelegate(DelegatingFilterProxy.java:355) ~[spring-web-7.0.6.jar:7.0.6]
	at org.springframework.web.filter.DelegatingFilterProxy.doFilter(DelegatingFilterProxy.java:272) ~[spring-web-7.0.6.jar:7.0.6]
	at org.apache.catalina.core.ApplicationFilterChain.doFilter(ApplicationFilterChain.java:107) ~[tomcat-embed-core-11.0.20.jar:11.0.20]
	at org.springframework.web.filter.RequestContextFilter.doFilterInternal(RequestContextFilter.java:100) ~[spring-web-7.0.6.jar:7.0.6]
	at org.springframework.web.filter.OncePerRequestFilter.doFilter(OncePerRequestFilter.java:116) ~[spring-web-7.0.6.jar:7.0.6]
	at org.apache.catalina.core.ApplicationFilterChain.doFilter(ApplicationFilterChain.java:107) ~[tomcat-embed-core-11.0.20.jar:11.0.20]
	at org.springframework.web.filter.FormContentFilter.doFilterInternal(FormContentFilter.java:93) ~[spring-web-7.0.6.jar:7.0.6]
	at org.springframework.web.filter.OncePerRequestFilter.doFilter(OncePerRequestFilter.java:116) ~[spring-web-7.0.6.jar:7.0.6]
	at org.apache.catalina.core.ApplicationFilterChain.doFilter(ApplicationFilterChain.java:107) ~[tomcat-embed-core-11.0.20.jar:11.0.20]
	at org.springframework.web.filter.ServerHttpObservationFilter.doFilterInternal(ServerHttpObservationFilter.java:110) ~[spring-web-7.0.6.jar:7.0.6]
	at org.springframework.web.filter.OncePerRequestFilter.doFilter(OncePerRequestFilter.java:116) ~[spring-web-7.0.6.jar:7.0.6]
	at org.apache.catalina.core.ApplicationFilterChain.doFilter(ApplicationFilterChain.java:107) ~[tomcat-embed-core-11.0.20.jar:11.0.20]
	at org.springframework.web.filter.CharacterEncodingFilter.doFilterInternal(CharacterEncodingFilter.java:199) ~[spring-web-7.0.6.jar:7.0.6]
	at org.springframework.web.filter.OncePerRequestFilter.doFilter(OncePerRequestFilter.java:116) ~[spring-web-7.0.6.jar:7.0.6]
	at org.apache.catalina.core.ApplicationFilterChain.doFilter(ApplicationFilterChain.java:107) ~[tomcat-embed-core-11.0.20.jar:11.0.20]
	at org.apache.catalina.core.StandardWrapperValve.invoke(StandardWrapperValve.java:165) ~[tomcat-embed-core-11.0.20.jar:11.0.20]
	at org.apache.catalina.core.StandardContextValve.invoke(StandardContextValve.java:77) ~[tomcat-embed-core-11.0.20.jar:11.0.20]
	at org.apache.catalina.authenticator.AuthenticatorBase.invoke(AuthenticatorBase.java:492) ~[tomcat-embed-core-11.0.20.jar:11.0.20]
	at org.apache.catalina.core.StandardHostValve.invoke(StandardHostValve.java:113) ~[tomcat-embed-core-11.0.20.jar:11.0.20]
	at org.apache.catalina.valves.ErrorReportValve.invoke(ErrorReportValve.java:83) ~[tomcat-embed-core-11.0.20.jar:11.0.20]
	at org.apache.catalina.core.StandardEngineValve.invoke(StandardEngineValve.java:72) ~[tomcat-embed-core-11.0.20.jar:11.0.20]
	at org.apache.catalina.connector.CoyoteAdapter.service(CoyoteAdapter.java:341) ~[tomcat-embed-core-11.0.20.jar:11.0.20]
	at org.apache.coyote.http11.Http11Processor.service(Http11Processor.java:397) ~[tomcat-embed-core-11.0.20.jar:11.0.20]
	at org.apache.coyote.AbstractProcessorLight.process(AbstractProcessorLight.java:63) ~[tomcat-embed-core-11.0.20.jar:11.0.20]
	at org.apache.coyote.AbstractProtocol$ConnectionHandler.process(AbstractProtocol.java:903) ~[tomcat-embed-core-11.0.20.jar:11.0.20]
	at org.apache.tomcat.util.net.NioEndpoint$SocketProcessor.doRun(NioEndpoint.java:1779) ~[tomcat-embed-core-11.0.20.jar:11.0.20]
	at org.apache.tomcat.util.net.SocketProcessorBase.run(SocketProcessorBase.java:52) ~[tomcat-embed-core-11.0.20.jar:11.0.20]
	at org.apache.tomcat.util.threads.ThreadPoolExecutor.runWorker(ThreadPoolExecutor.java:946) ~[tomcat-embed-core-11.0.20.jar:11.0.20]
	at org.apache.tomcat.util.threads.ThreadPoolExecutor$Worker.run(ThreadPoolExecutor.java:480) ~[tomcat-embed-core-11.0.20.jar:11.0.20]
	at org.apache.tomcat.util.threads.TaskThread$WrappingRunnable.run(TaskThread.java:57) ~[tomcat-embed-core-11.0.20.jar:11.0.20]
	at java.base/java.lang.Thread.run(Thread.java:1474) ~[na:na]

2026-10-09T02:24:11.933Z DEBUG 7600 --- [school-management] [scheduling-1] org.hibernate.SQL                        : 
    select
        count(*) 
    from
        students s1_0
2026-10-09T02:24:36.806Z DEBUG 7600 --- [school-management] [http-nio-8080-exec-1] org.hibernate.SQL                        : 
    select
        u1_0.id,
        u1_0.email,
        u1_0.password,
        u1_0.role,
        u1_0.username 
    from
        users u1_0 
    where
        u1_0.username=?
2026-10-09T02:24:36.991Z DEBUG 7600 --- [school-management] [http-nio-8080-exec-1] org.hibernate.SQL                        : 
    select
        u1_0.id,
        u1_0.email,
        u1_0.password,
        u1_0.role,
        u1_0.username 
    from
        users u1_0 
    where
        u1_0.username=?
2026-10-09T02:24:37.022Z DEBUG 7600 --- [school-management] [http-nio-8080-exec-1] org.hibernate.SQL                        : 
    select
        u1_0.id,
        u1_0.email,
        u1_0.password,
        u1_0.role,
        u1_0.username 
    from
        users u1_0 
    where
        u1_0.username=?
2026-10-09T02:24:41.936Z DEBUG 7600 --- [school-management] [scheduling-1] org.hibernate.SQL                        : 
    select
        count(*) 
    from
        courses c1_0
2026-10-09T02:24:41.939Z DEBUG 7600 --- [school-management] [scheduling-1] org.hibernate.SQL                        : 
    select
        count(*) 
    from
        students s1_0
2026-10-09T02:25:11.934Z DEBUG 7600 --- [school-management] [scheduling-1] org.hibernate.SQL                        : 
    select
        count(*) 
    from
        students s1_0
2026-10-09T02:25:31.814Z ERROR 7600 --- [school-management] [http-nio-8080-exec-2] o.a.c.c.C.[.[.[/].[dispatcherServlet]    : Servlet.service() for servlet [dispatcherServlet] in context with path [] threw exception

io.jsonwebtoken.ExpiredJwtException: JWT expired 169547813 milliseconds ago at 2026-10-07T03:19:44.000Z. Current time: 2026-10-09T02:25:31.813Z. Allowed clock skew: 0 milliseconds.
	at io.jsonwebtoken.impl.DefaultJwtParser.parse(DefaultJwtParser.java:688) ~[jjwt-impl-0.13.0.jar:0.13.0]
	at io.jsonwebtoken.impl.DefaultJwtParser.parse(DefaultJwtParser.java:364) ~[jjwt-impl-0.13.0.jar:0.13.0]
	at io.jsonwebtoken.impl.DefaultJwtParser.parse(DefaultJwtParser.java:94) ~[jjwt-impl-0.13.0.jar:0.13.0]
	at io.jsonwebtoken.impl.io.AbstractParser.parse(AbstractParser.java:36) ~[jjwt-impl-0.13.0.jar:0.13.0]
	at io.jsonwebtoken.impl.io.AbstractParser.parse(AbstractParser.java:29) ~[jjwt-impl-0.13.0.jar:0.13.0]
	at io.jsonwebtoken.impl.DefaultJwtParser.parseSignedClaims(DefaultJwtParser.java:827) ~[jjwt-impl-0.13.0.jar:0.13.0]
	at com.school.school_management.security.JwtUtil.extractClaims(JwtUtil.java:84) ~[classes/:na]
	at com.school.school_management.security.JwtUtil.extractUsername(JwtUtil.java:54) ~[classes/:na]
	at com.school.school_management.security.JwtAuthenticationFilter.doFilterInternal(JwtAuthenticationFilter.java:50) ~[classes/:na]
	at org.springframework.web.filter.OncePerRequestFilter.doFilter(OncePerRequestFilter.java:116) ~[spring-web-7.0.6.jar:7.0.6]
	at org.springframework.security.web.ObservationFilterChainDecorator$ObservationFilter.wrapFilter(ObservationFilterChainDecorator.java:244) ~[spring-security-web-7.0.4.jar:7.0.4]
	at org.springframework.security.web.ObservationFilterChainDecorator$ObservationFilter.doFilter(ObservationFilterChainDecorator.java:231) ~[spring-security-web-7.0.4.jar:7.0.4]
	at org.springframework.security.web.ObservationFilterChainDecorator$VirtualFilterChain.doFilter(ObservationFilterChainDecorator.java:141) ~[spring-security-web-7.0.4.jar:7.0.4]
	at org.springframework.security.web.authentication.logout.LogoutFilter.doFilter(LogoutFilter.java:110) ~[spring-security-web-7.0.4.jar:7.0.4]
	at org.springframework.security.web.authentication.logout.LogoutFilter.doFilter(LogoutFilter.java:96) ~[spring-security-web-7.0.4.jar:7.0.4]
	at org.springframework.security.web.ObservationFilterChainDecorator$ObservationFilter.wrapFilter(ObservationFilterChainDecorator.java:244) ~[spring-security-web-7.0.4.jar:7.0.4]
	at org.springframework.security.web.ObservationFilterChainDecorator$ObservationFilter.doFilter(ObservationFilterChainDecorator.java:231) ~[spring-security-web-7.0.4.jar:7.0.4]
	at org.springframework.security.web.ObservationFilterChainDecorator$VirtualFilterChain.doFilter(ObservationFilterChainDecorator.java:141) ~[spring-security-web-7.0.4.jar:7.0.4]
	at org.springframework.security.web.header.HeaderWriterFilter.doHeadersAfter(HeaderWriterFilter.java:90) ~[spring-security-web-7.0.4.jar:7.0.4]
	at org.springframework.security.web.header.HeaderWriterFilter.doFilterInternal(HeaderWriterFilter.java:75) ~[spring-security-web-7.0.4.jar:7.0.4]
	at org.springframework.web.filter.OncePerRequestFilter.doFilter(OncePerRequestFilter.java:116) ~[spring-web-7.0.6.jar:7.0.6]
	at org.springframework.security.web.ObservationFilterChainDecorator$ObservationFilter.wrapFilter(ObservationFilterChainDecorator.java:244) ~[spring-security-web-7.0.4.jar:7.0.4]
	at org.springframework.security.web.ObservationFilterChainDecorator$ObservationFilter.doFilter(ObservationFilterChainDecorator.java:231) ~[spring-security-web-7.0.4.jar:7.0.4]
	at org.springframework.security.web.ObservationFilterChainDecorator$VirtualFilterChain.doFilter(ObservationFilterChainDecorator.java:141) ~[spring-security-web-7.0.4.jar:7.0.4]
	at org.springframework.security.web.context.SecurityContextHolderFilter.doFilter(SecurityContextHolderFilter.java:82) ~[spring-security-web-7.0.4.jar:7.0.4]
	at org.springframework.security.web.context.SecurityContextHolderFilter.doFilter(SecurityContextHolderFilter.java:69) ~[spring-security-web-7.0.4.jar:7.0.4]
	at org.springframework.security.web.ObservationFilterChainDecorator$ObservationFilter.wrapFilter(ObservationFilterChainDecorator.java:244) ~[spring-security-web-7.0.4.jar:7.0.4]
	at org.springframework.security.web.ObservationFilterChainDecorator$ObservationFilter.doFilter(ObservationFilterChainDecorator.java:231) ~[spring-security-web-7.0.4.jar:7.0.4]
	at org.springframework.security.web.ObservationFilterChainDecorator$VirtualFilterChain.doFilter(ObservationFilterChainDecorator.java:141) ~[spring-security-web-7.0.4.jar:7.0.4]
	at org.springframework.security.web.context.request.async.WebAsyncManagerIntegrationFilter.doFilterInternal(WebAsyncManagerIntegrationFilter.java:62) ~[spring-security-web-7.0.4.jar:7.0.4]
	at org.springframework.web.filter.OncePerRequestFilter.doFilter(OncePerRequestFilter.java:116) ~[spring-web-7.0.6.jar:7.0.6]
	at org.springframework.security.web.ObservationFilterChainDecorator$ObservationFilter.wrapFilter(ObservationFilterChainDecorator.java:244) ~[spring-security-web-7.0.4.jar:7.0.4]
	at org.springframework.security.web.ObservationFilterChainDecorator$ObservationFilter.doFilter(ObservationFilterChainDecorator.java:231) ~[spring-security-web-7.0.4.jar:7.0.4]
	at org.springframework.security.web.ObservationFilterChainDecorator$VirtualFilterChain.doFilter(ObservationFilterChainDecorator.java:141) ~[spring-security-web-7.0.4.jar:7.0.4]
	at org.springframework.security.web.session.DisableEncodeUrlFilter.doFilterInternal(DisableEncodeUrlFilter.java:42) ~[spring-security-web-7.0.4.jar:7.0.4]
	at org.springframework.web.filter.OncePerRequestFilter.doFilter(OncePerRequestFilter.java:116) ~[spring-web-7.0.6.jar:7.0.6]
	at org.springframework.security.web.ObservationFilterChainDecorator$ObservationFilter.wrapFilter(ObservationFilterChainDecorator.java:244) ~[spring-security-web-7.0.4.jar:7.0.4]
	at org.springframework.security.web.ObservationFilterChainDecorator$AroundFilterObservation$SimpleAroundFilterObservation.lambda$wrap$0(ObservationFilterChainDecorator.java:337) ~[spring-security-web-7.0.4.jar:7.0.4]
	at org.springframework.security.web.ObservationFilterChainDecorator$ObservationFilter.doFilter(ObservationFilterChainDecorator.java:228) ~[spring-security-web-7.0.4.jar:7.0.4]
	at org.springframework.security.web.ObservationFilterChainDecorator$VirtualFilterChain.doFilter(ObservationFilterChainDecorator.java:141) ~[spring-security-web-7.0.4.jar:7.0.4]
	at org.springframework.security.web.FilterChainProxy.doFilterInternal(FilterChainProxy.java:237) ~[spring-security-web-7.0.4.jar:7.0.4]
	at org.springframework.security.web.FilterChainProxy.doFilter(FilterChainProxy.java:195) ~[spring-security-web-7.0.4.jar:7.0.4]
	at org.springframework.web.filter.CompositeFilter$VirtualFilterChain.doFilter(CompositeFilter.java:113) ~[spring-web-7.0.6.jar:7.0.6]
	at org.springframework.web.filter.ServletRequestPathFilter.doFilter(ServletRequestPathFilter.java:52) ~[spring-web-7.0.6.jar:7.0.6]
	at org.springframework.web.filter.CompositeFilter$VirtualFilterChain.doFilter(CompositeFilter.java:113) ~[spring-web-7.0.6.jar:7.0.6]
	at org.springframework.web.filter.CompositeFilter.doFilter(CompositeFilter.java:74) ~[spring-web-7.0.6.jar:7.0.6]
	at org.springframework.security.config.annotation.web.configuration.WebSecurityConfiguration$CompositeFilterChainProxy.doFilter(WebSecurityConfiguration.java:317) ~[spring-security-config-7.0.4.jar:7.0.4]
	at org.springframework.web.filter.DelegatingFilterProxy.invokeDelegate(DelegatingFilterProxy.java:355) ~[spring-web-7.0.6.jar:7.0.6]
	at org.springframework.web.filter.DelegatingFilterProxy.doFilter(DelegatingFilterProxy.java:272) ~[spring-web-7.0.6.jar:7.0.6]
	at org.apache.catalina.core.ApplicationFilterChain.doFilter(ApplicationFilterChain.java:107) ~[tomcat-embed-core-11.0.20.jar:11.0.20]
	at org.springframework.web.filter.RequestContextFilter.doFilterInternal(RequestContextFilter.java:100) ~[spring-web-7.0.6.jar:7.0.6]
	at org.springframework.web.filter.OncePerRequestFilter.doFilter(OncePerRequestFilter.java:116) ~[spring-web-7.0.6.jar:7.0.6]
	at org.apache.catalina.core.ApplicationFilterChain.doFilter(ApplicationFilterChain.java:107) ~[tomcat-embed-core-11.0.20.jar:11.0.20]
	at org.springframework.web.filter.FormContentFilter.doFilterInternal(FormContentFilter.java:93) ~[spring-web-7.0.6.jar:7.0.6]
	at org.springframework.web.filter.OncePerRequestFilter.doFilter(OncePerRequestFilter.java:116) ~[spring-web-7.0.6.jar:7.0.6]
	at org.apache.catalina.core.ApplicationFilterChain.doFilter(ApplicationFilterChain.java:107) ~[tomcat-embed-core-11.0.20.jar:11.0.20]
	at org.springframework.web.filter.ServerHttpObservationFilter.doFilterInternal(ServerHttpObservationFilter.java:110) ~[spring-web-7.0.6.jar:7.0.6]
	at org.springframework.web.filter.OncePerRequestFilter.doFilter(OncePerRequestFilter.java:116) ~[spring-web-7.0.6.jar:7.0.6]
	at org.apache.catalina.core.ApplicationFilterChain.doFilter(ApplicationFilterChain.java:107) ~[tomcat-embed-core-11.0.20.jar:11.0.20]
	at org.springframework.web.filter.CharacterEncodingFilter.doFilterInternal(CharacterEncodingFilter.java:199) ~[spring-web-7.0.6.jar:7.0.6]
	at org.springframework.web.filter.OncePerRequestFilter.doFilter(OncePerRequestFilter.java:116) ~[spring-web-7.0.6.jar:7.0.6]
	at org.apache.catalina.core.ApplicationFilterChain.doFilter(ApplicationFilterChain.java:107) ~[tomcat-embed-core-11.0.20.jar:11.0.20]
	at org.apache.catalina.core.StandardWrapperValve.invoke(StandardWrapperValve.java:165) ~[tomcat-embed-core-11.0.20.jar:11.0.20]
	at org.apache.catalina.core.StandardContextValve.invoke(StandardContextValve.java:77) ~[tomcat-embed-core-11.0.20.jar:11.0.20]
	at org.apache.catalina.authenticator.AuthenticatorBase.invoke(AuthenticatorBase.java:492) ~[tomcat-embed-core-11.0.20.jar:11.0.20]
	at org.apache.catalina.core.StandardHostValve.invoke(StandardHostValve.java:113) ~[tomcat-embed-core-11.0.20.jar:11.0.20]
	at org.apache.catalina.valves.ErrorReportValve.invoke(ErrorReportValve.java:83) ~[tomcat-embed-core-11.0.20.jar:11.0.20]
	at org.apache.catalina.core.StandardEngineValve.invoke(StandardEngineValve.java:72) ~[tomcat-embed-core-11.0.20.jar:11.0.20]
	at org.apache.catalina.connector.CoyoteAdapter.service(CoyoteAdapter.java:341) ~[tomcat-embed-core-11.0.20.jar:11.0.20]
	at org.apache.coyote.http11.Http11Processor.service(Http11Processor.java:397) ~[tomcat-embed-core-11.0.20.jar:11.0.20]
	at org.apache.coyote.AbstractProcessorLight.process(AbstractProcessorLight.java:63) ~[tomcat-embed-core-11.0.20.jar:11.0.20]
	at org.apache.coyote.AbstractProtocol$ConnectionHandler.process(AbstractProtocol.java:903) ~[tomcat-embed-core-11.0.20.jar:11.0.20]
	at org.apache.tomcat.util.net.NioEndpoint$SocketProcessor.doRun(NioEndpoint.java:1779) ~[tomcat-embed-core-11.0.20.jar:11.0.20]
	at org.apache.tomcat.util.net.SocketProcessorBase.run(SocketProcessorBase.java:52) ~[tomcat-embed-core-11.0.20.jar:11.0.20]
	at org.apache.tomcat.util.threads.ThreadPoolExecutor.runWorker(ThreadPoolExecutor.java:946) ~[tomcat-embed-core-11.0.20.jar:11.0.20]
	at org.apache.tomcat.util.threads.ThreadPoolExecutor$Worker.run(ThreadPoolExecutor.java:480) ~[tomcat-embed-core-11.0.20.jar:11.0.20]
	at org.apache.tomcat.util.threads.TaskThread$WrappingRunnable.run(TaskThread.java:57) ~[tomcat-embed-core-11.0.20.jar:11.0.20]
	at java.base/java.lang.Thread.run(Thread.java:1474) ~[na:na]

2026-10-09T02:25:41.934Z DEBUG 7600 --- [school-management] [scheduling-1] org.hibernate.SQL                        : 
    select
        count(*) 
    from
        courses c1_0
2026-10-09T02:25:41.939Z DEBUG 7600 --- [school-management] [scheduling-1] org.hibernate.SQL                        : 
    select
        count(*) 
    from
        students s1_0
2026-10-09T02:25:51.116Z  WARN 7600 --- [school-management] [http-nio-8080-exec-7] .m.m.a.ExceptionHandlerExceptionResolver : Resolved [org.springframework.web.bind.MethodArgumentNotValidException: Validation failed for argument [0] in public com.school.school_management.dto.response.AuthResponse com.school.school_management.controller.AuthController.login(com.school.school_management.dto.request.LoginRequest): [Field error in object 'loginRequest' on field 'username': rejected value [null]; codes [NotBlank.loginRequest.username,NotBlank.username,NotBlank.java.lang.String,NotBlank]; arguments [org.springframework.context.support.DefaultMessageSourceResolvable: codes [loginRequest.username,username]; arguments []; default message [username]]; default message [Username is required]] ]
2026-10-09T02:26:10.915Z DEBUG 7600 --- [school-management] [http-nio-8080-exec-6] org.hibernate.SQL                        : 
    select
        u1_0.id,
        u1_0.email,
        u1_0.password,
        u1_0.role,
        u1_0.username 
    from
        users u1_0 
    where
        u1_0.username=?
2026-10-09T02:26:11.426Z DEBUG 7600 --- [school-management] [http-nio-8080-exec-6] org.hibernate.SQL                        : 
    select
        u1_0.id,
        u1_0.email,
        u1_0.password,
        u1_0.role,
        u1_0.username 
    from
        users u1_0 
    where
        u1_0.username=?
2026-10-09T02:26:11.433Z DEBUG 7600 --- [school-management] [http-nio-8080-exec-6] org.hibernate.SQL                        : 
    select
        u1_0.id,
        u1_0.email,
        u1_0.password,
        u1_0.role,
        u1_0.username 
    from
        users u1_0 
    where
        u1_0.username=?
2026-10-09T02:26:11.933Z DEBUG 7600 --- [school-management] [scheduling-1] org.hibernate.SQL                        : 
    select
        count(*) 
    from
        students s1_0
2026-10-09T02:26:41.933Z DEBUG 7600 --- [school-management] [scheduling-1] org.hibernate.SQL                        : 
    select
        count(*) 
    from
        courses c1_0
2026-10-09T02:26:41.936Z DEBUG 7600 --- [school-management] [scheduling-1] org.hibernate.SQL                        : 
    select
        count(*) 
    from
        students s1_0
2026-10-09T02:27:11.935Z DEBUG 7600 --- [school-management] [scheduling-1] org.hibernate.SQL                        : 
    select
        count(*) 
    from
        students s1_0
2026-10-09T02:27:41.934Z DEBUG 7600 --- [school-management] [scheduling-1] org.hibernate.SQL                        : 
    select
        count(*) 
    from
        courses c1_0
2026-10-09T02:27:41.939Z DEBUG 7600 --- [school-management] [scheduling-1] org.hibernate.SQL                        : 
    select
        count(*) 
    from
        students s1_0
2026-10-09T02:28:11.934Z DEBUG 7600 --- [school-management] [scheduling-1] org.hibernate.SQL                        : 
    select
        count(*) 
    from
        students s1_0
2026-10-09T02:28:41.934Z DEBUG 7600 --- [school-management] [scheduling-1] org.hibernate.SQL                        : 
    select
        count(*) 
    from
        courses c1_0
2026-10-09T02:28:41.937Z DEBUG 7600 --- [school-management] [scheduling-1] org.hibernate.SQL                        : 
    select
        count(*) 
    from
        students s1_0
2026-10-09T02:29:11.934Z DEBUG 7600 --- [school-management] [scheduling-1] org.hibernate.SQL                        : 
    select
        count(*) 
    from
        students s1_0
2026-10-09T02:29:41.934Z DEBUG 7600 --- [school-management] [scheduling-1] org.hibernate.SQL                        : 
    select
        count(*) 
    from
        courses c1_0
2026-10-09T02:29:41.938Z DEBUG 7600 --- [school-management] [scheduling-1] org.hibernate.SQL                        : 
    select
        count(*) 
    from
        students s1_0
2026-10-09T02:30:11.934Z DEBUG 7600 --- [school-management] [scheduling-1] org.hibernate.SQL                        : 
    select
        count(*) 
    from
        students s1_0
2026-10-09T02:30:25.521Z DEBUG 7600 --- [school-management] [http-nio-8080-exec-8] org.hibernate.SQL                        : 
    select
        u1_0.id,
        u1_0.email,
        u1_0.password,
        u1_0.role,
        u1_0.username 
    from
        users u1_0 
    where
        u1_0.username=?
2026-10-09T02:30:25.569Z DEBUG 7600 --- [school-management] [http-nio-8080-exec-8] org.hibernate.SQL                        : 
    select
        c1_0.id,
        c1_0.description,
        c1_0.name,
        c1_0.teacher_id 
    from
        courses c1_0 
    where
        c1_0.name=?
2026-10-09T02:30:25.579Z  INFO 7600 --- [school-management] [http-nio-8080-exec-8] c.s.s.service.CourseService              : CREATING course - cache cleared
2026-10-09T02:30:25.635Z DEBUG 7600 --- [school-management] [http-nio-8080-exec-8] org.hibernate.SQL                        : 
    insert 
    into
        courses
        (description, name, teacher_id) 
    values
        (?, ?, ?)
2026-10-09T02:30:41.934Z DEBUG 7600 --- [school-management] [scheduling-1] org.hibernate.SQL                        : 
    select
        count(*) 
    from
        courses c1_0
2026-10-09T02:30:41.937Z DEBUG 7600 --- [school-management] [scheduling-1] org.hibernate.SQL                        : 
    select
        count(*) 
    from
        students s1_0
2026-10-09T02:31:11.934Z DEBUG 7600 --- [school-management] [scheduling-1] org.hibernate.SQL                        : 
    select
        count(*) 
    from
        students s1_0
2026-10-09T02:31:41.934Z DEBUG 7600 --- [school-management] [scheduling-1] org.hibernate.SQL                        : 
    select
        count(*) 
    from
        courses c1_0
2026-10-09T02:31:41.939Z DEBUG 7600 --- [school-management] [scheduling-1] org.hibernate.SQL                        : 
    select
        count(*) 
    from
        students s1_0
2026-10-09T02:32:11.933Z DEBUG 7600 --- [school-management] [scheduling-1] org.hibernate.SQL                        : 
    select
        count(*) 
    from
        students s1_0
2026-10-09T02:32:41.936Z DEBUG 7600 --- [school-management] [scheduling-1] org.hibernate.SQL                        : 
    select
        count(*) 
    from
        courses c1_0
2026-10-09T02:32:41.939Z DEBUG 7600 --- [school-management] [scheduling-1] org.hibernate.SQL                        : 
    select
        count(*) 
    from
        students s1_0
2026-10-09T02:32:42.754Z DEBUG 7600 --- [school-management] [http-nio-8080-exec-1] org.hibernate.SQL                        : 
    select
        u1_0.id,
        u1_0.email,
        u1_0.password,
        u1_0.role,
        u1_0.username 
    from
        users u1_0 
    where
        u1_0.username=?
2026-10-09T02:32:42.765Z  INFO 7600 --- [school-management] [http-nio-8080-exec-1] c.s.s.service.CourseService              : Fetching all courses
2026-10-09T02:32:42.836Z DEBUG 7600 --- [school-management] [http-nio-8080-exec-1] org.hibernate.SQL                        : 
    select
        c1_0.id,
        c1_0.description,
        c1_0.name,
        c1_0.teacher_id 
    from
        courses c1_0 
    order by
        c1_0.id 
    offset
        ? rows 
    fetch
        first ? rows only
2026-10-09T02:32:42.846Z DEBUG 7600 --- [school-management] [http-nio-8080-exec-1] org.hibernate.SQL                        : 
    select
        count(c1_0.id) 
    from
        courses c1_0
2026-10-09T02:33:11.934Z DEBUG 7600 --- [school-management] [scheduling-1] org.hibernate.SQL                        : 
    select
        count(*) 
    from
        students s1_0
2026-10-09T02:33:39.754Z DEBUG 7600 --- [school-management] [http-nio-8080-exec-3] org.hibernate.SQL                        : 
    select
        u1_0.id,
        u1_0.email,
        u1_0.password,
        u1_0.role,
        u1_0.username 
    from
        users u1_0 
    where
        u1_0.username=?
2026-10-09T02:33:39.760Z  INFO 7600 --- [school-management] [http-nio-8080-exec-3] c.s.s.service.CourseService              : Fetching all courses
2026-10-09T02:33:39.763Z DEBUG 7600 --- [school-management] [http-nio-8080-exec-3] org.hibernate.SQL                        : 
    select
        c1_0.id,
        c1_0.description,
        c1_0.name,
        c1_0.teacher_id 
    from
        courses c1_0 
    order by
        c1_0.id 
    offset
        ? rows 
    fetch
        first ? rows only
2026-10-09T02:33:39.766Z DEBUG 7600 --- [school-management] [http-nio-8080-exec-3] org.hibernate.SQL                        : 
    select
        count(c1_0.id) 
    from
        courses c1_0
2026-10-09T02:33:41.934Z DEBUG 7600 --- [school-management] [scheduling-1] org.hibernate.SQL                        : 
    select
        count(*) 
    from
        courses c1_0
2026-10-09T02:33:41.936Z DEBUG 7600 --- [school-management] [scheduling-1] org.hibernate.SQL                        : 
    select
        count(*) 
    from
        students s1_0
2026-10-09T02:34:11.935Z DEBUG 7600 --- [school-management] [scheduling-1] org.hibernate.SQL                        : 
    select
        count(*) 
    from
        students s1_0
2026-10-09T02:34:41.934Z DEBUG 7600 --- [school-management] [scheduling-1] org.hibernate.SQL                        : 
    select
        count(*) 
    from
        courses c1_0
2026-10-09T02:34:41.936Z DEBUG 7600 --- [school-management] [scheduling-1] org.hibernate.SQL                        : 
    select
        count(*) 
    from
        students s1_0
2026-10-09T02:34:45.359Z DEBUG 7600 --- [school-management] [http-nio-8080-exec-5] org.hibernate.SQL                        : 
    select
        u1_0.id,
        u1_0.email,
        u1_0.password,
        u1_0.role,
        u1_0.username 
    from
        users u1_0 
    where
        u1_0.username=?
2026-10-09T02:34:45.366Z  INFO 7600 --- [school-management] [http-nio-8080-exec-5] c.s.s.service.CourseService              : Fetching all courses
2026-10-09T02:34:45.368Z DEBUG 7600 --- [school-management] [http-nio-8080-exec-5] org.hibernate.SQL                        : 
    select
        c1_0.id,
        c1_0.description,
        c1_0.name,
        c1_0.teacher_id 
    from
        courses c1_0 
    order by
        c1_0.id 
    offset
        ? rows 
    fetch
        first ? rows only
2026-10-09T02:34:45.371Z DEBUG 7600 --- [school-management] [http-nio-8080-exec-5] org.hibernate.SQL                        : 
    select
        count(c1_0.id) 
    from
        courses c1_0
2026-10-09T02:35:11.942Z DEBUG 7600 --- [school-management] [scheduling-1] org.hibernate.SQL                        : 
    select
        count(*) 
    from
        students s1_0
2026-10-09T02:35:43.256Z DEBUG 7600 --- [school-management] [scheduling-1] org.hibernate.SQL                        : 
    select
        count(*) 
    from
        courses c1_0
2026-10-09T02:35:43.268Z DEBUG 7600 --- [school-management] [scheduling-1] org.hibernate.SQL                        : 
    select
        count(*) 
    from
        students s1_0
2026-10-09T02:35:49.770Z  INFO 7600 --- [school-management] [SpringApplicationShutdownHook] o.s.boot.tomcat.GracefulShutdown         : Commencing graceful shutdown. Waiting for active requests to complete
2026-10-09T02:35:49.779Z  INFO 7600 --- [school-management] [tomcat-shutdown] o.s.boot.tomcat.GracefulShutdown         : Graceful shutdown complete
2026-10-09T02:35:49.791Z  INFO 7600 --- [school-management] [SpringApplicationShutdownHook] j.LocalContainerEntityManagerFactoryBean : Closing JPA EntityManagerFactory for persistence unit 'default'
2026-10-09T02:35:49.810Z  INFO 7600 --- [school-management] [SpringApplicationShutdownHook] com.zaxxer.hikari.HikariDataSource       : HikariPool-1 - Shutdown initiated...
2026-10-09T02:35:49.831Z  INFO 7600 --- [school-management] [SpringApplicationShutdownHook] com.zaxxer.hikari.HikariDataSource       : HikariPool-1 - Shutdown completed.
2026-10-09T02:35:57.803Z  INFO 7888 --- [school-management] [restartedMain] c.s.s.SchoolManagementApplication        : Starting SchoolManagementApplication using Java 25.0.2 with PID 7888 (H:\My Files\Learning Now\school-management\target\classes started by Abdulrahim Jalloh in H:\My Files\Learning Now\school-management)
2026-10-09T02:35:57.807Z DEBUG 7888 --- [school-management] [restartedMain] c.s.s.SchoolManagementApplication        : Running with Spring Boot v4.0.5, Spring v7.0.6
2026-10-09T02:35:57.809Z  INFO 7888 --- [school-management] [restartedMain] c.s.s.SchoolManagementApplication        : No active profile set, falling back to 1 default profile: "default"
2026-10-09T02:35:57.942Z  INFO 7888 --- [school-management] [restartedMain] .e.DevToolsPropertyDefaultsPostProcessor : Devtools property defaults active! Set 'spring.devtools.add-properties' to 'false' to disable
2026-10-09T02:35:57.943Z  INFO 7888 --- [school-management] [restartedMain] .e.DevToolsPropertyDefaultsPostProcessor : For additional web related logging consider setting the 'logging.level.web' property to 'DEBUG'
2026-10-09T02:36:00.039Z  INFO 7888 --- [school-management] [restartedMain] .s.d.r.c.RepositoryConfigurationDelegate : Bootstrapping Spring Data JPA repositories in DEFAULT mode.
2026-10-09T02:36:00.156Z  INFO 7888 --- [school-management] [restartedMain] .s.d.r.c.RepositoryConfigurationDelegate : Finished Spring Data repository scanning in 101 ms. Found 5 JPA repository interfaces.
2026-10-09T02:36:01.033Z  INFO 7888 --- [school-management] [restartedMain] o.s.boot.tomcat.TomcatWebServer          : Tomcat initialized with port 8080 (http)
2026-10-09T02:36:01.049Z  INFO 7888 --- [school-management] [restartedMain] o.apache.catalina.core.StandardService   : Starting service [Tomcat]
2026-10-09T02:36:01.049Z  INFO 7888 --- [school-management] [restartedMain] o.apache.catalina.core.StandardEngine    : Starting Servlet engine: [Apache Tomcat/11.0.20]
2026-10-09T02:36:01.122Z  INFO 7888 --- [school-management] [restartedMain] b.w.c.s.WebApplicationContextInitializer : Root WebApplicationContext: initialization completed in 3177 ms
2026-10-09T02:36:01.600Z  INFO 7888 --- [school-management] [restartedMain] org.hibernate.orm.jpa                    : HHH008540: Processing PersistenceUnitInfo [name: default]
2026-10-09T02:36:01.692Z  INFO 7888 --- [school-management] [restartedMain] org.hibernate.orm.core                   : HHH000001: Hibernate ORM core version 7.2.7.Final
2026-10-09T02:36:02.288Z  INFO 7888 --- [school-management] [restartedMain] o.s.o.j.p.SpringPersistenceUnitInfo      : No LoadTimeWeaver setup: ignoring JPA class transformer
2026-10-09T02:36:02.332Z  INFO 7888 --- [school-management] [restartedMain] com.zaxxer.hikari.HikariDataSource       : HikariPool-1 - Starting...
2026-10-09T02:36:02.542Z  INFO 7888 --- [school-management] [restartedMain] com.zaxxer.hikari.pool.HikariPool        : HikariPool-1 - Added connection org.postgresql.jdbc.PgConnection@42aea24c
2026-10-09T02:36:02.545Z  INFO 7888 --- [school-management] [restartedMain] com.zaxxer.hikari.HikariDataSource       : HikariPool-1 - Start completed.
2026-10-09T02:36:02.597Z  WARN 7888 --- [school-management] [restartedMain] org.hibernate.orm.deprecation            : HHH90000025: PostgreSQLDialect does not need to be specified explicitly using 'hibernate.dialect' (remove the property setting and it will be selected by default)
2026-10-09T02:36:02.635Z  INFO 7888 --- [school-management] [restartedMain] org.hibernate.orm.connections.pooling    : HHH10001005: Database info:
	Database JDBC URL [jdbc:postgresql://localhost:5432/schoolmgn_db]
	Database driver: PostgreSQL JDBC Driver
	Database dialect: PostgreSQLDialect
	Database version: 18.1
	Default catalog/schema: schoolmgn_db/public
	Autocommit mode: undefined/unknown
	Isolation level: READ_COMMITTED [default READ_COMMITTED]
	JDBC fetch size: none
	Pool: DataSourceConnectionProvider
	Minimum pool size: undefined/unknown
	Maximum pool size: undefined/unknown
2026-10-09T02:36:04.259Z  INFO 7888 --- [school-management] [restartedMain] org.hibernate.orm.core                   : HHH000489: No JTA platform available (set 'hibernate.transaction.jta.platform' to enable JTA platform integration)
2026-10-09T02:36:04.405Z  INFO 7888 --- [school-management] [restartedMain] j.LocalContainerEntityManagerFactoryBean : Initialized JPA EntityManagerFactory for persistence unit 'default'
2026-10-09T02:36:04.509Z  INFO 7888 --- [school-management] [restartedMain] o.s.d.j.r.query.QueryEnhancerFactories   : Hibernate is in classpath; If applicable, HQL parser will be used.
2026-10-09T02:36:04.767Z DEBUG 7888 --- [school-management] [restartedMain] c.s.s.security.JwtAuthenticationFilter   : Filter 'jwtAuthenticationFilter' configured for use
2026-10-09T02:36:04.846Z  INFO 7888 --- [school-management] [restartedMain] eAuthenticationProviderManagerConfigurer : Global AuthenticationManager configured with AuthenticationProvider bean with name authenticationProvider
2026-10-09T02:36:04.846Z  WARN 7888 --- [school-management] [restartedMain] r$InitializeUserDetailsManagerConfigurer : Global AuthenticationManager configured with an AuthenticationProvider bean. UserDetailsService beans will not be used by Spring Security for automatically configuring username/password login. Consider removing the AuthenticationProvider bean. Alternatively, consider using the UserDetailsService in a manually instantiated DaoAuthenticationProvider. If the current configuration is intentional, to turn off this warning, increase the logging level of 'org.springframework.security.config.annotation.authentication.configuration.InitializeUserDetailsBeanManagerConfigurer' to ERROR
2026-10-09T02:36:05.142Z  WARN 7888 --- [school-management] [restartedMain] JpaBaseConfiguration$JpaWebConfiguration : spring.jpa.open-in-view is enabled by default. Therefore, database queries may be performed during view rendering. Explicitly configure spring.jpa.open-in-view to disable this warning
2026-10-09T02:36:06.347Z  INFO 7888 --- [school-management] [restartedMain] o.s.b.a.e.web.EndpointLinksResolver      : Exposing 3 endpoints beneath base path '/actuator'
2026-10-09T02:36:06.458Z  INFO 7888 --- [school-management] [restartedMain] o.s.boot.tomcat.TomcatWebServer          : Tomcat started on port 8080 (http) with context path '/'
2026-10-09T02:36:06.474Z  INFO 7888 --- [school-management] [restartedMain] c.s.s.SchoolManagementApplication        : Started SchoolManagementApplication in 9.473 seconds (process running for 11.044)
2026-10-09T02:36:06.905Z DEBUG 7888 --- [school-management] [restartedMain] org.hibernate.SQL                        : 
    select
        count(*) 
    from
        students s1_0
2026-10-09T02:36:06.905Z DEBUG 7888 --- [school-management] [scheduling-1] org.hibernate.SQL                        : 
    select
        count(*) 
    from
        courses c1_0
2026-10-09T02:36:06.932Z DEBUG 7888 --- [school-management] [scheduling-1] org.hibernate.SQL                        : 
    select
        count(*) 
    from
        students s1_0
2026-10-09T02:36:07.380Z  INFO 7888 --- [school-management] [RMI TCP Connection(1)-10.2.0.2] o.a.c.c.C.[Tomcat].[localhost].[/]       : Initializing Spring DispatcherServlet 'dispatcherServlet'
2026-10-09T02:36:07.380Z  INFO 7888 --- [school-management] [RMI TCP Connection(1)-10.2.0.2] o.s.web.servlet.DispatcherServlet        : Initializing Servlet 'dispatcherServlet'
2026-10-09T02:36:07.384Z  INFO 7888 --- [school-management] [RMI TCP Connection(1)-10.2.0.2] o.s.web.servlet.DispatcherServlet        : Completed initialization in 3 ms
2026-10-09T02:36:26.596Z DEBUG 7888 --- [school-management] [http-nio-8080-exec-1] org.hibernate.SQL                        : 
    select
        u1_0.id,
        u1_0.email,
        u1_0.password,
        u1_0.role,
        u1_0.username 
    from
        users u1_0 
    where
        u1_0.username=?
2026-10-09T02:36:26.662Z  INFO 7888 --- [school-management] [http-nio-8080-exec-1] c.s.s.service.CourseService              : Fetching all courses
2026-10-09T02:36:26.681Z DEBUG 7888 --- [school-management] [http-nio-8080-exec-1] org.hibernate.SQL                        : 
    select
        c1_0.id,
        c1_0.description,
        c1_0.name,
        c1_0.teacher_id 
    from
        courses c1_0 
    order by
        c1_0.id 
    offset
        ? rows 
    fetch
        first ? rows only
2026-10-09T02:36:26.699Z DEBUG 7888 --- [school-management] [http-nio-8080-exec-1] org.hibernate.SQL                        : 
    select
        count(c1_0.id) 
    from
        courses c1_0
2026-10-09T02:36:36.475Z DEBUG 7888 --- [school-management] [scheduling-1] org.hibernate.SQL                        : 
    select
        count(*) 
    from
        students s1_0
2026-10-09T02:36:42.639Z  INFO 7888 --- [school-management] [http-nio-8080-exec-10] o.springdoc.api.AbstractOpenApiResource  : Init duration for springdoc-openapi is: 854 ms
2026-10-09T02:37:02.064Z DEBUG 7888 --- [school-management] [http-nio-8080-exec-1] org.hibernate.SQL                        : 
    select
        u1_0.id,
        u1_0.email,
        u1_0.password,
        u1_0.role,
        u1_0.username 
    from
        users u1_0 
    where
        u1_0.username=?
2026-10-09T02:37:02.175Z DEBUG 7888 --- [school-management] [http-nio-8080-exec-1] org.hibernate.SQL                        : 
    select
        u1_0.id,
        u1_0.email,
        u1_0.password,
        u1_0.role,
        u1_0.username 
    from
        users u1_0 
    where
        u1_0.username=?
2026-10-09T02:37:02.193Z DEBUG 7888 --- [school-management] [http-nio-8080-exec-1] org.hibernate.SQL                        : 
    select
        u1_0.id,
        u1_0.email,
        u1_0.password,
        u1_0.role,
        u1_0.username 
    from
        users u1_0 
    where
        u1_0.username=?
2026-10-09T02:37:06.473Z DEBUG 7888 --- [school-management] [scheduling-1] org.hibernate.SQL                        : 
    select
        count(*) 
    from
        courses c1_0
2026-10-09T02:37:06.477Z DEBUG 7888 --- [school-management] [scheduling-1] org.hibernate.SQL                        : 
    select
        count(*) 
    from
        students s1_0
2026-10-09T02:37:33.690Z DEBUG 7888 --- [school-management] [http-nio-8080-exec-3] org.hibernate.SQL                        : 
    select
        u1_0.id,
        u1_0.email,
        u1_0.password,
        u1_0.role,
        u1_0.username 
    from
        users u1_0 
    where
        u1_0.username=?
2026-10-09T02:37:33.696Z  INFO 7888 --- [school-management] [http-nio-8080-exec-3] c.s.s.service.CourseService              : Fetching all courses
2026-10-09T02:37:33.698Z DEBUG 7888 --- [school-management] [http-nio-8080-exec-3] org.hibernate.SQL                        : 
    select
        c1_0.id,
        c1_0.description,
        c1_0.name,
        c1_0.teacher_id 
    from
        courses c1_0 
    order by
        c1_0.id 
    offset
        ? rows 
    fetch
        first ? rows only
2026-10-09T02:37:33.701Z DEBUG 7888 --- [school-management] [http-nio-8080-exec-3] org.hibernate.SQL                        : 
    select
        count(c1_0.id) 
    from
        courses c1_0
2026-10-09T02:37:36.473Z DEBUG 7888 --- [school-management] [scheduling-1] org.hibernate.SQL                        : 
    select
        count(*) 
    from
        students s1_0
2026-10-09T02:37:46.636Z DEBUG 7888 --- [school-management] [http-nio-8080-exec-5] org.hibernate.SQL                        : 
    select
        u1_0.id,
        u1_0.email,
        u1_0.password,
        u1_0.role,
        u1_0.username 
    from
        users u1_0 
    where
        u1_0.username=?
2026-10-09T02:37:46.645Z  INFO 7888 --- [school-management] [http-nio-8080-exec-5] c.s.s.service.CourseService              : Fetching all courses
2026-10-09T02:37:46.647Z DEBUG 7888 --- [school-management] [http-nio-8080-exec-5] org.hibernate.SQL                        : 
    select
        c1_0.id,
        c1_0.description,
        c1_0.name,
        c1_0.teacher_id 
    from
        courses c1_0 
    order by
        c1_0.id 
    offset
        ? rows 
    fetch
        first ? rows only
2026-10-09T02:37:46.650Z DEBUG 7888 --- [school-management] [http-nio-8080-exec-5] org.hibernate.SQL                        : 
    select
        count(c1_0.id) 
    from
        courses c1_0
2026-10-09T02:38:06.475Z DEBUG 7888 --- [school-management] [scheduling-1] org.hibernate.SQL                        : 
    select
        count(*) 
    from
        courses c1_0
2026-10-09T02:38:06.477Z DEBUG 7888 --- [school-management] [scheduling-1] org.hibernate.SQL                        : 
    select
        count(*) 
    from
        students s1_0
2026-10-09T02:38:36.474Z DEBUG 7888 --- [school-management] [scheduling-1] org.hibernate.SQL                        : 
    select
        count(*) 
    from
        students s1_0
2026-10-09T02:38:55.841Z DEBUG 7888 --- [school-management] [http-nio-8080-exec-9] org.hibernate.SQL                        : 
    select
        u1_0.id,
        u1_0.email,
        u1_0.password,
        u1_0.role,
        u1_0.username 
    from
        users u1_0 
    where
        u1_0.username=?
2026-10-09T02:38:55.847Z  INFO 7888 --- [school-management] [http-nio-8080-exec-9] c.s.s.service.CourseService              : Fetching all courses
2026-10-09T02:38:55.850Z DEBUG 7888 --- [school-management] [http-nio-8080-exec-9] org.hibernate.SQL                        : 
    select
        c1_0.id,
        c1_0.description,
        c1_0.name,
        c1_0.teacher_id 
    from
        courses c1_0 
    order by
        c1_0.id 
    offset
        ? rows 
    fetch
        first ? rows only
2026-10-09T02:38:55.853Z DEBUG 7888 --- [school-management] [http-nio-8080-exec-9] org.hibernate.SQL                        : 
    select
        count(c1_0.id) 
    from
        courses c1_0
2026-10-09T02:39:06.476Z DEBUG 7888 --- [school-management] [scheduling-1] org.hibernate.SQL                        : 
    select
        count(*) 
    from
        courses c1_0
2026-10-09T02:39:06.481Z DEBUG 7888 --- [school-management] [scheduling-1] org.hibernate.SQL                        : 
    select
        count(*) 
    from
        students s1_0
2026-10-09T02:39:09.872Z DEBUG 7888 --- [school-management] [http-nio-8080-exec-10] org.hibernate.SQL                        : 
    select
        u1_0.id,
        u1_0.email,
        u1_0.password,
        u1_0.role,
        u1_0.username 
    from
        users u1_0 
    where
        u1_0.username=?
2026-10-09T02:39:09.878Z  INFO 7888 --- [school-management] [http-nio-8080-exec-10] c.s.s.service.CourseService              : Fetching all courses
2026-10-09T02:39:09.881Z DEBUG 7888 --- [school-management] [http-nio-8080-exec-10] org.hibernate.SQL                        : 
    select
        c1_0.id,
        c1_0.description,
        c1_0.name,
        c1_0.teacher_id 
    from
        courses c1_0 
    order by
        c1_0.id 
    offset
        ? rows 
    fetch
        first ? rows only
2026-10-09T02:39:09.883Z DEBUG 7888 --- [school-management] [http-nio-8080-exec-10] org.hibernate.SQL                        : 
    select
        count(c1_0.id) 
    from
        courses c1_0
2026-10-09T02:39:36.474Z DEBUG 7888 --- [school-management] [scheduling-1] org.hibernate.SQL                        : 
    select
        count(*) 
    from
        students s1_0
2026-10-09T02:39:45.335Z DEBUG 7888 --- [school-management] [http-nio-8080-exec-1] org.hibernate.SQL                        : 
    select
        u1_0.id,
        u1_0.email,
        u1_0.password,
        u1_0.role,
        u1_0.username 
    from
        users u1_0 
    where
        u1_0.username=?
2026-10-09T02:39:45.339Z  INFO 7888 --- [school-management] [http-nio-8080-exec-1] c.s.s.service.CourseService              : Fetching all courses
2026-10-09T02:39:45.341Z DEBUG 7888 --- [school-management] [http-nio-8080-exec-1] org.hibernate.SQL                        : 
    select
        c1_0.id,
        c1_0.description,
        c1_0.name,
        c1_0.teacher_id 
    from
        courses c1_0 
    order by
        c1_0.id 
    offset
        ? rows 
    fetch
        first ? rows only
2026-10-09T02:39:45.344Z DEBUG 7888 --- [school-management] [http-nio-8080-exec-1] org.hibernate.SQL                        : 
    select
        count(c1_0.id) 
    from
        courses c1_0
2026-10-09T02:40:06.520Z DEBUG 7888 --- [school-management] [scheduling-1] org.hibernate.SQL                        : 
    select
        count(*) 
    from
        courses c1_0
2026-10-09T02:40:06.526Z DEBUG 7888 --- [school-management] [scheduling-1] org.hibernate.SQL                        : 
    select
        count(*) 
    from
        students s1_0
2026-10-09T02:40:36.474Z DEBUG 7888 --- [school-management] [scheduling-1] org.hibernate.SQL                        : 
    select
        count(*) 
    from
        students s1_0
2026-10-09T02:41:06.474Z DEBUG 7888 --- [school-management] [scheduling-1] org.hibernate.SQL                        : 
    select
        count(*) 
    from
        courses c1_0
2026-10-09T02:41:06.476Z DEBUG 7888 --- [school-management] [scheduling-1] org.hibernate.SQL                        : 
    select
        count(*) 
    from
        students s1_0
2026-10-09T02:41:36.475Z DEBUG 7888 --- [school-management] [scheduling-1] org.hibernate.SQL                        : 
    select
        count(*) 
    from
        students s1_0
2026-10-09T02:42:06.475Z DEBUG 7888 --- [school-management] [scheduling-1] org.hibernate.SQL                        : 
    select
        count(*) 
    from
        courses c1_0
2026-10-09T02:42:06.477Z DEBUG 7888 --- [school-management] [scheduling-1] org.hibernate.SQL                        : 
    select
        count(*) 
    from
        students s1_0
2026-10-09T02:42:36.476Z DEBUG 7888 --- [school-management] [scheduling-1] org.hibernate.SQL                        : 
    select
        count(*) 
    from
        students s1_0
2026-10-09T02:43:06.474Z DEBUG 7888 --- [school-management] [scheduling-1] org.hibernate.SQL                        : 
    select
        count(*) 
    from
        courses c1_0
2026-10-09T02:43:06.477Z DEBUG 7888 --- [school-management] [scheduling-1] org.hibernate.SQL                        : 
    select
        count(*) 
    from
        students s1_0
2026-10-09T02:43:36.474Z DEBUG 7888 --- [school-management] [scheduling-1] org.hibernate.SQL                        : 
    select
        count(*) 
    from
        students s1_0
2026-10-09T02:44:06.475Z DEBUG 7888 --- [school-management] [scheduling-1] org.hibernate.SQL                        : 
    select
        count(*) 
    from
        courses c1_0
2026-10-09T02:44:06.478Z DEBUG 7888 --- [school-management] [scheduling-1] org.hibernate.SQL                        : 
    select
        count(*) 
    from
        students s1_0
2026-10-09T02:44:36.474Z DEBUG 7888 --- [school-management] [scheduling-1] org.hibernate.SQL                        : 
    select
        count(*) 
    from
        students s1_0
2026-10-09T02:45:06.474Z DEBUG 7888 --- [school-management] [scheduling-1] org.hibernate.SQL                        : 
    select
        count(*) 
    from
        courses c1_0
2026-10-09T02:45:06.478Z DEBUG 7888 --- [school-management] [scheduling-1] org.hibernate.SQL                        : 
    select
        count(*) 
    from
        students s1_0
2026-10-09T02:45:36.476Z DEBUG 7888 --- [school-management] [scheduling-1] org.hibernate.SQL                        : 
    select
        count(*) 
    from
        students s1_0
2026-10-09T02:46:06.475Z DEBUG 7888 --- [school-management] [scheduling-1] org.hibernate.SQL                        : 
    select
        count(*) 
    from
        courses c1_0
2026-10-09T02:46:06.480Z DEBUG 7888 --- [school-management] [scheduling-1] org.hibernate.SQL                        : 
    select
        count(*) 
    from
        students s1_0
2026-10-09T02:46:36.474Z DEBUG 7888 --- [school-management] [scheduling-1] org.hibernate.SQL                        : 
    select
        count(*) 
    from
        students s1_0
2026-10-09T02:47:06.474Z DEBUG 7888 --- [school-management] [scheduling-1] org.hibernate.SQL                        : 
    select
        count(*) 
    from
        courses c1_0
2026-10-09T02:47:06.480Z DEBUG 7888 --- [school-management] [scheduling-1] org.hibernate.SQL                        : 
    select
        count(*) 
    from
        students s1_0
2026-10-09T02:47:36.473Z DEBUG 7888 --- [school-management] [scheduling-1] org.hibernate.SQL                        : 
    select
        count(*) 
    from
        students s1_0
2026-10-09T02:48:06.486Z DEBUG 7888 --- [school-management] [scheduling-1] org.hibernate.SQL                        : 
    select
        count(*) 
    from
        courses c1_0
2026-10-09T02:48:06.488Z DEBUG 7888 --- [school-management] [scheduling-1] org.hibernate.SQL                        : 
    select
        count(*) 
    from
        students s1_0
2026-10-09T02:48:36.558Z DEBUG 7888 --- [school-management] [scheduling-1] org.hibernate.SQL                        : 
    select
        count(*) 
    from
        students s1_0
2026-10-09T02:49:06.477Z DEBUG 7888 --- [school-management] [scheduling-1] org.hibernate.SQL                        : 
    select
        count(*) 
    from
        courses c1_0
2026-10-09T02:49:06.480Z DEBUG 7888 --- [school-management] [scheduling-1] org.hibernate.SQL                        : 
    select
        count(*) 
    from
        students s1_0
2026-10-09T02:49:36.475Z DEBUG 7888 --- [school-management] [scheduling-1] org.hibernate.SQL                        : 
    select
        count(*) 
    from
        students s1_0
2026-10-09T02:50:06.473Z DEBUG 7888 --- [school-management] [scheduling-1] org.hibernate.SQL                        : 
    select
        count(*) 
    from
        courses c1_0
2026-10-09T02:50:06.476Z DEBUG 7888 --- [school-management] [scheduling-1] org.hibernate.SQL                        : 
    select
        count(*) 
    from
        students s1_0
2026-10-09T02:50:36.475Z DEBUG 7888 --- [school-management] [scheduling-1] org.hibernate.SQL                        : 
    select
        count(*) 
    from
        students s1_0
2026-10-09T02:51:06.481Z DEBUG 7888 --- [school-management] [scheduling-1] org.hibernate.SQL                        : 
    select
        count(*) 
    from
        courses c1_0
2026-10-09T02:51:06.488Z DEBUG 7888 --- [school-management] [scheduling-1] org.hibernate.SQL                        : 
    select
        count(*) 
    from
        students s1_0
2026-10-09T02:51:36.685Z DEBUG 7888 --- [school-management] [scheduling-1] org.hibernate.SQL                        : 
    select
        count(*) 
    from
        students s1_0
2026-10-09T02:52:06.473Z DEBUG 7888 --- [school-management] [scheduling-1] org.hibernate.SQL                        : 
    select
        count(*) 
    from
        courses c1_0
2026-10-09T02:52:06.476Z DEBUG 7888 --- [school-management] [scheduling-1] org.hibernate.SQL                        : 
    select
        count(*) 
    from
        students s1_0
2026-10-09T02:52:36.473Z DEBUG 7888 --- [school-management] [scheduling-1] org.hibernate.SQL                        : 
    select
        count(*) 
    from
        students s1_0
2026-10-09T02:53:06.474Z DEBUG 7888 --- [school-management] [scheduling-1] org.hibernate.SQL                        : 
    select
        count(*) 
    from
        courses c1_0
2026-10-09T02:53:06.476Z DEBUG 7888 --- [school-management] [scheduling-1] org.hibernate.SQL                        : 
    select
        count(*) 
    from
        students s1_0
2026-10-09T02:53:36.474Z DEBUG 7888 --- [school-management] [scheduling-1] org.hibernate.SQL                        : 
    select
        count(*) 
    from
        students s1_0
2026-10-09T02:54:06.476Z DEBUG 7888 --- [school-management] [scheduling-1] org.hibernate.SQL                        : 
    select
        count(*) 
    from
        courses c1_0
2026-10-09T02:54:06.479Z DEBUG 7888 --- [school-management] [scheduling-1] org.hibernate.SQL                        : 
    select
        count(*) 
    from
        students s1_0
2026-10-09T02:54:36.474Z DEBUG 7888 --- [school-management] [scheduling-1] org.hibernate.SQL                        : 
    select
        count(*) 
    from
        students s1_0
2026-10-09T02:55:06.474Z DEBUG 7888 --- [school-management] [scheduling-1] org.hibernate.SQL                        : 
    select
        count(*) 
    from
        courses c1_0
2026-10-09T02:55:06.477Z DEBUG 7888 --- [school-management] [scheduling-1] org.hibernate.SQL                        : 
    select
        count(*) 
    from
        students s1_0
2026-10-09T02:55:36.476Z DEBUG 7888 --- [school-management] [scheduling-1] org.hibernate.SQL                        : 
    select
        count(*) 
    from
        students s1_0
2026-10-09T02:56:06.476Z DEBUG 7888 --- [school-management] [scheduling-1] org.hibernate.SQL                        : 
    select
        count(*) 
    from
        courses c1_0
2026-10-09T02:56:06.480Z DEBUG 7888 --- [school-management] [scheduling-1] org.hibernate.SQL                        : 
    select
        count(*) 
    from
        students s1_0
2026-10-09T02:56:36.474Z DEBUG 7888 --- [school-management] [scheduling-1] org.hibernate.SQL                        : 
    select
        count(*) 
    from
        students s1_0
2026-10-09T02:57:06.477Z DEBUG 7888 --- [school-management] [scheduling-1] org.hibernate.SQL                        : 
    select
        count(*) 
    from
        courses c1_0
2026-10-09T02:57:06.481Z DEBUG 7888 --- [school-management] [scheduling-1] org.hibernate.SQL                        : 
    select
        count(*) 
    from
        students s1_0
2026-10-09T02:57:36.474Z DEBUG 7888 --- [school-management] [scheduling-1] org.hibernate.SQL                        : 
    select
        count(*) 
    from
        students s1_0
2026-10-09T02:58:06.474Z DEBUG 7888 --- [school-management] [scheduling-1] org.hibernate.SQL                        : 
    select
        count(*) 
    from
        courses c1_0
2026-10-09T02:58:06.476Z DEBUG 7888 --- [school-management] [scheduling-1] org.hibernate.SQL                        : 
    select
        count(*) 
    from
        students s1_0
2026-10-09T02:58:36.475Z DEBUG 7888 --- [school-management] [scheduling-1] org.hibernate.SQL                        : 
    select
        count(*) 
    from
        students s1_0
2026-10-09T02:59:06.478Z DEBUG 7888 --- [school-management] [scheduling-1] org.hibernate.SQL                        : 
    select
        count(*) 
    from
        courses c1_0
2026-10-09T02:59:06.483Z DEBUG 7888 --- [school-management] [scheduling-1] org.hibernate.SQL                        : 
    select
        count(*) 
    from
        students s1_0
2026-10-09T02:59:36.475Z DEBUG 7888 --- [school-management] [scheduling-1] org.hibernate.SQL                        : 
    select
        count(*) 
    from
        students s1_0
2026-10-09T03:00:06.476Z DEBUG 7888 --- [school-management] [scheduling-1] org.hibernate.SQL                        : 
    select
        count(*) 
    from
        courses c1_0
2026-10-09T03:00:06.479Z DEBUG 7888 --- [school-management] [scheduling-1] org.hibernate.SQL                        : 
    select
        count(*) 
    from
        students s1_0
2026-10-09T03:00:22.575Z DEBUG 7888 --- [school-management] [http-nio-8080-exec-4] org.hibernate.SQL                        : 
    select
        u1_0.id,
        u1_0.email,
        u1_0.password,
        u1_0.role,
        u1_0.username 
    from
        users u1_0 
    where
        u1_0.username=?
2026-10-09T03:00:22.638Z DEBUG 7888 --- [school-management] [http-nio-8080-exec-4] org.hibernate.SQL                        : 
    select
        t1_0.id,
        t1_0.email,
        t1_0.name,
        t1_0.specialization 
    from
        teachers t1_0 
    where
        t1_0.email=?
2026-10-09T03:00:22.675Z DEBUG 7888 --- [school-management] [http-nio-8080-exec-4] org.hibernate.SQL                        : 
    insert 
    into
        teachers
        (email, name, specialization) 
    values
        (?, ?, ?)
2026-10-09T03:00:36.474Z DEBUG 7888 --- [school-management] [scheduling-1] org.hibernate.SQL                        : 
    select
        count(*) 
    from
        students s1_0
2026-10-09T03:01:06.476Z DEBUG 7888 --- [school-management] [scheduling-1] org.hibernate.SQL                        : 
    select
        count(*) 
    from
        courses c1_0
2026-10-09T03:01:06.479Z DEBUG 7888 --- [school-management] [scheduling-1] org.hibernate.SQL                        : 
    select
        count(*) 
    from
        students s1_0
2026-10-09T03:01:36.474Z DEBUG 7888 --- [school-management] [scheduling-1] org.hibernate.SQL                        : 
    select
        count(*) 
    from
        students s1_0
2026-10-09T03:02:06.474Z DEBUG 7888 --- [school-management] [scheduling-1] org.hibernate.SQL                        : 
    select
        count(*) 
    from
        courses c1_0
2026-10-09T03:02:06.477Z DEBUG 7888 --- [school-management] [scheduling-1] org.hibernate.SQL                        : 
    select
        count(*) 
    from
        students s1_0
2026-10-09T03:02:36.472Z DEBUG 7888 --- [school-management] [scheduling-1] org.hibernate.SQL                        : 
    select
        count(*) 
    from
        students s1_0
2026-10-09T03:03:00.209Z DEBUG 7888 --- [school-management] [http-nio-8080-exec-2] org.hibernate.SQL                        : 
    select
        u1_0.id,
        u1_0.email,
        u1_0.password,
        u1_0.role,
        u1_0.username 
    from
        users u1_0 
    where
        u1_0.username=?
2026-10-09T03:03:00.228Z  INFO 7888 --- [school-management] [http-nio-8080-exec-2] c.s.s.service.StudentService             : Fetching students page: 0, size: 10, sortBy: id
2026-10-09T03:03:00.231Z DEBUG 7888 --- [school-management] [http-nio-8080-exec-2] org.hibernate.SQL                        : 
    select
        s1_0.id,
        s1_0.age,
        s1_0.email,
        s1_0.name 
    from
        students s1_0 
    order by
        s1_0.id 
    offset
        ? rows 
    fetch
        first ? rows only
2026-10-09T03:03:00.239Z DEBUG 7888 --- [school-management] [http-nio-8080-exec-2] org.hibernate.SQL                        : 
    select
        a1_0.id,
        a1_0.city,
        a1_0.country,
        a1_0.street,
        s1_0.id,
        s1_0.age,
        s1_0.email,
        s1_0.name 
    from
        addresses a1_0 
    left join
        students s1_0 
            on s1_0.id=a1_0.student_id 
    where
        a1_0.student_id=?
2026-10-09T03:03:00.250Z DEBUG 7888 --- [school-management] [http-nio-8080-exec-2] org.hibernate.SQL                        : 
    select
        a1_0.id,
        a1_0.city,
        a1_0.country,
        a1_0.street,
        s1_0.id,
        s1_0.age,
        s1_0.email,
        s1_0.name 
    from
        addresses a1_0 
    left join
        students s1_0 
            on s1_0.id=a1_0.student_id 
    where
        a1_0.student_id=?
2026-10-09T03:03:00.251Z DEBUG 7888 --- [school-management] [http-nio-8080-exec-2] org.hibernate.SQL                        : 
    select
        a1_0.id,
        a1_0.city,
        a1_0.country,
        a1_0.street,
        s1_0.id,
        s1_0.age,
        s1_0.email,
        s1_0.name 
    from
        addresses a1_0 
    left join
        students s1_0 
            on s1_0.id=a1_0.student_id 
    where
        a1_0.student_id=?
2026-10-09T03:03:00.252Z DEBUG 7888 --- [school-management] [http-nio-8080-exec-2] org.hibernate.SQL                        : 
    select
        a1_0.id,
        a1_0.city,
        a1_0.country,
        a1_0.street,
        s1_0.id,
        s1_0.age,
        s1_0.email,
        s1_0.name 
    from
        addresses a1_0 
    left join
        students s1_0 
            on s1_0.id=a1_0.student_id 
    where
        a1_0.student_id=?
2026-10-09T03:03:00.254Z DEBUG 7888 --- [school-management] [http-nio-8080-exec-2] org.hibernate.SQL                        : 
    select
        a1_0.id,
        a1_0.city,
        a1_0.country,
        a1_0.street,
        s1_0.id,
        s1_0.age,
        s1_0.email,
        s1_0.name 
    from
        addresses a1_0 
    left join
        students s1_0 
            on s1_0.id=a1_0.student_id 
    where
        a1_0.student_id=?
2026-10-09T03:03:00.256Z DEBUG 7888 --- [school-management] [http-nio-8080-exec-2] org.hibernate.SQL                        : 
    select
        a1_0.id,
        a1_0.city,
        a1_0.country,
        a1_0.street,
        s1_0.id,
        s1_0.age,
        s1_0.email,
        s1_0.name 
    from
        addresses a1_0 
    left join
        students s1_0 
            on s1_0.id=a1_0.student_id 
    where
        a1_0.student_id=?
2026-10-09T03:03:00.257Z DEBUG 7888 --- [school-management] [http-nio-8080-exec-2] org.hibernate.SQL                        : 
    select
        a1_0.id,
        a1_0.city,
        a1_0.country,
        a1_0.street,
        s1_0.id,
        s1_0.age,
        s1_0.email,
        s1_0.name 
    from
        addresses a1_0 
    left join
        students s1_0 
            on s1_0.id=a1_0.student_id 
    where
        a1_0.student_id=?
2026-10-09T03:03:00.260Z DEBUG 7888 --- [school-management] [http-nio-8080-exec-2] org.hibernate.SQL                        : 
    select
        a1_0.id,
        a1_0.city,
        a1_0.country,
        a1_0.street,
        s1_0.id,
        s1_0.age,
        s1_0.email,
        s1_0.name 
    from
        addresses a1_0 
    left join
        students s1_0 
            on s1_0.id=a1_0.student_id 
    where
        a1_0.student_id=?
2026-10-09T03:03:00.262Z DEBUG 7888 --- [school-management] [http-nio-8080-exec-2] org.hibernate.SQL                        : 
    select
        a1_0.id,
        a1_0.city,
        a1_0.country,
        a1_0.street,
        s1_0.id,
        s1_0.age,
        s1_0.email,
        s1_0.name 
    from
        addresses a1_0 
    left join
        students s1_0 
            on s1_0.id=a1_0.student_id 
    where
        a1_0.student_id=?
2026-10-09T03:03:00.263Z DEBUG 7888 --- [school-management] [http-nio-8080-exec-2] org.hibernate.SQL                        : 
    select
        a1_0.id,
        a1_0.city,
        a1_0.country,
        a1_0.street,
        s1_0.id,
        s1_0.age,
        s1_0.email,
        s1_0.name 
    from
        addresses a1_0 
    left join
        students s1_0 
            on s1_0.id=a1_0.student_id 
    where
        a1_0.student_id=?
2026-10-09T03:03:00.265Z DEBUG 7888 --- [school-management] [http-nio-8080-exec-2] org.hibernate.SQL                        : 
    select
        count(s1_0.id) 
    from
        students s1_0
2026-10-09T03:03:06.474Z DEBUG 7888 --- [school-management] [scheduling-1] org.hibernate.SQL                        : 
    select
        count(*) 
    from
        courses c1_0
2026-10-09T03:03:06.477Z DEBUG 7888 --- [school-management] [scheduling-1] org.hibernate.SQL                        : 
    select
        count(*) 
    from
        students s1_0
2026-10-09T03:03:20.738Z DEBUG 7888 --- [school-management] [http-nio-8080-exec-6] org.hibernate.SQL                        : 
    select
        u1_0.id,
        u1_0.email,
        u1_0.password,
        u1_0.role,
        u1_0.username 
    from
        users u1_0 
    where
        u1_0.username=?
2026-10-09T03:03:20.745Z  INFO 7888 --- [school-management] [http-nio-8080-exec-6] c.s.s.service.StudentService             : Fetching students page: 0, size: 10, sortBy: id
2026-10-09T03:03:20.748Z DEBUG 7888 --- [school-management] [http-nio-8080-exec-6] org.hibernate.SQL                        : 
    select
        s1_0.id,
        s1_0.age,
        s1_0.email,
        s1_0.name 
    from
        students s1_0 
    order by
        s1_0.id 
    offset
        ? rows 
    fetch
        first ? rows only
2026-10-09T03:03:20.750Z DEBUG 7888 --- [school-management] [http-nio-8080-exec-6] org.hibernate.SQL                        : 
    select
        a1_0.id,
        a1_0.city,
        a1_0.country,
        a1_0.street,
        s1_0.id,
        s1_0.age,
        s1_0.email,
        s1_0.name 
    from
        addresses a1_0 
    left join
        students s1_0 
            on s1_0.id=a1_0.student_id 
    where
        a1_0.student_id=?
2026-10-09T03:03:20.752Z DEBUG 7888 --- [school-management] [http-nio-8080-exec-6] org.hibernate.SQL                        : 
    select
        a1_0.id,
        a1_0.city,
        a1_0.country,
        a1_0.street,
        s1_0.id,
        s1_0.age,
        s1_0.email,
        s1_0.name 
    from
        addresses a1_0 
    left join
        students s1_0 
            on s1_0.id=a1_0.student_id 
    where
        a1_0.student_id=?
2026-10-09T03:03:20.754Z DEBUG 7888 --- [school-management] [http-nio-8080-exec-6] org.hibernate.SQL                        : 
    select
        a1_0.id,
        a1_0.city,
        a1_0.country,
        a1_0.street,
        s1_0.id,
        s1_0.age,
        s1_0.email,
        s1_0.name 
    from
        addresses a1_0 
    left join
        students s1_0 
            on s1_0.id=a1_0.student_id 
    where
        a1_0.student_id=?
2026-10-09T03:03:20.754Z DEBUG 7888 --- [school-management] [http-nio-8080-exec-6] org.hibernate.SQL                        : 
    select
        a1_0.id,
        a1_0.city,
        a1_0.country,
        a1_0.street,
        s1_0.id,
        s1_0.age,
        s1_0.email,
        s1_0.name 
    from
        addresses a1_0 
    left join
        students s1_0 
            on s1_0.id=a1_0.student_id 
    where
        a1_0.student_id=?
2026-10-09T03:03:20.755Z DEBUG 7888 --- [school-management] [http-nio-8080-exec-6] org.hibernate.SQL                        : 
    select
        a1_0.id,
        a1_0.city,
        a1_0.country,
        a1_0.street,
        s1_0.id,
        s1_0.age,
        s1_0.email,
        s1_0.name 
    from
        addresses a1_0 
    left join
        students s1_0 
            on s1_0.id=a1_0.student_id 
    where
        a1_0.student_id=?
2026-10-09T03:03:20.758Z DEBUG 7888 --- [school-management] [http-nio-8080-exec-6] org.hibernate.SQL                        : 
    select
        a1_0.id,
        a1_0.city,
        a1_0.country,
        a1_0.street,
        s1_0.id,
        s1_0.age,
        s1_0.email,
        s1_0.name 
    from
        addresses a1_0 
    left join
        students s1_0 
            on s1_0.id=a1_0.student_id 
    where
        a1_0.student_id=?
2026-10-09T03:03:20.761Z DEBUG 7888 --- [school-management] [http-nio-8080-exec-6] org.hibernate.SQL                        : 
    select
        a1_0.id,
        a1_0.city,
        a1_0.country,
        a1_0.street,
        s1_0.id,
        s1_0.age,
        s1_0.email,
        s1_0.name 
    from
        addresses a1_0 
    left join
        students s1_0 
            on s1_0.id=a1_0.student_id 
    where
        a1_0.student_id=?
2026-10-09T03:03:20.762Z DEBUG 7888 --- [school-management] [http-nio-8080-exec-6] org.hibernate.SQL                        : 
    select
        a1_0.id,
        a1_0.city,
        a1_0.country,
        a1_0.street,
        s1_0.id,
        s1_0.age,
        s1_0.email,
        s1_0.name 
    from
        addresses a1_0 
    left join
        students s1_0 
            on s1_0.id=a1_0.student_id 
    where
        a1_0.student_id=?
2026-10-09T03:03:20.763Z DEBUG 7888 --- [school-management] [http-nio-8080-exec-6] org.hibernate.SQL                        : 
    select
        a1_0.id,
        a1_0.city,
        a1_0.country,
        a1_0.street,
        s1_0.id,
        s1_0.age,
        s1_0.email,
        s1_0.name 
    from
        addresses a1_0 
    left join
        students s1_0 
            on s1_0.id=a1_0.student_id 
    where
        a1_0.student_id=?
2026-10-09T03:03:20.764Z DEBUG 7888 --- [school-management] [http-nio-8080-exec-6] org.hibernate.SQL                        : 
    select
        a1_0.id,
        a1_0.city,
        a1_0.country,
        a1_0.street,
        s1_0.id,
        s1_0.age,
        s1_0.email,
        s1_0.name 
    from
        addresses a1_0 
    left join
        students s1_0 
            on s1_0.id=a1_0.student_id 
    where
        a1_0.student_id=?
2026-10-09T03:03:20.766Z DEBUG 7888 --- [school-management] [http-nio-8080-exec-6] org.hibernate.SQL                        : 
    select
        count(s1_0.id) 
    from
        students s1_0
2026-10-09T03:03:23.115Z DEBUG 7888 --- [school-management] [http-nio-8080-exec-5] org.hibernate.SQL                        : 
    select
        u1_0.id,
        u1_0.email,
        u1_0.password,
        u1_0.role,
        u1_0.username 
    from
        users u1_0 
    where
        u1_0.username=?
2026-10-09T03:03:23.123Z  INFO 7888 --- [school-management] [http-nio-8080-exec-5] c.s.s.service.StudentService             : Fetching students page: 0, size: 10, sortBy: id
2026-10-09T03:03:23.127Z DEBUG 7888 --- [school-management] [http-nio-8080-exec-5] org.hibernate.SQL                        : 
    select
        s1_0.id,
        s1_0.age,
        s1_0.email,
        s1_0.name 
    from
        students s1_0 
    order by
        s1_0.id 
    offset
        ? rows 
    fetch
        first ? rows only
2026-10-09T03:03:23.129Z DEBUG 7888 --- [school-management] [http-nio-8080-exec-5] org.hibernate.SQL                        : 
    select
        a1_0.id,
        a1_0.city,
        a1_0.country,
        a1_0.street,
        s1_0.id,
        s1_0.age,
        s1_0.email,
        s1_0.name 
    from
        addresses a1_0 
    left join
        students s1_0 
            on s1_0.id=a1_0.student_id 
    where
        a1_0.student_id=?
2026-10-09T03:03:23.132Z DEBUG 7888 --- [school-management] [http-nio-8080-exec-5] org.hibernate.SQL                        : 
    select
        a1_0.id,
        a1_0.city,
        a1_0.country,
        a1_0.street,
        s1_0.id,
        s1_0.age,
        s1_0.email,
        s1_0.name 
    from
        addresses a1_0 
    left join
        students s1_0 
            on s1_0.id=a1_0.student_id 
    where
        a1_0.student_id=?
2026-10-09T03:03:23.134Z DEBUG 7888 --- [school-management] [http-nio-8080-exec-5] org.hibernate.SQL                        : 
    select
        a1_0.id,
        a1_0.city,
        a1_0.country,
        a1_0.street,
        s1_0.id,
        s1_0.age,
        s1_0.email,
        s1_0.name 
    from
        addresses a1_0 
    left join
        students s1_0 
            on s1_0.id=a1_0.student_id 
    where
        a1_0.student_id=?
2026-10-09T03:03:23.135Z DEBUG 7888 --- [school-management] [http-nio-8080-exec-5] org.hibernate.SQL                        : 
    select
        a1_0.id,
        a1_0.city,
        a1_0.country,
        a1_0.street,
        s1_0.id,
        s1_0.age,
        s1_0.email,
        s1_0.name 
    from
        addresses a1_0 
    left join
        students s1_0 
            on s1_0.id=a1_0.student_id 
    where
        a1_0.student_id=?
2026-10-09T03:03:23.136Z DEBUG 7888 --- [school-management] [http-nio-8080-exec-5] org.hibernate.SQL                        : 
    select
        a1_0.id,
        a1_0.city,
        a1_0.country,
        a1_0.street,
        s1_0.id,
        s1_0.age,
        s1_0.email,
        s1_0.name 
    from
        addresses a1_0 
    left join
        students s1_0 
            on s1_0.id=a1_0.student_id 
    where
        a1_0.student_id=?
2026-10-09T03:03:23.138Z DEBUG 7888 --- [school-management] [http-nio-8080-exec-5] org.hibernate.SQL                        : 
    select
        a1_0.id,
        a1_0.city,
        a1_0.country,
        a1_0.street,
        s1_0.id,
        s1_0.age,
        s1_0.email,
        s1_0.name 
    from
        addresses a1_0 
    left join
        students s1_0 
            on s1_0.id=a1_0.student_id 
    where
        a1_0.student_id=?
2026-10-09T03:03:23.139Z DEBUG 7888 --- [school-management] [http-nio-8080-exec-5] org.hibernate.SQL                        : 
    select
        a1_0.id,
        a1_0.city,
        a1_0.country,
        a1_0.street,
        s1_0.id,
        s1_0.age,
        s1_0.email,
        s1_0.name 
    from
        addresses a1_0 
    left join
        students s1_0 
            on s1_0.id=a1_0.student_id 
    where
        a1_0.student_id=?
2026-10-09T03:03:23.142Z DEBUG 7888 --- [school-management] [http-nio-8080-exec-5] org.hibernate.SQL                        : 
    select
        a1_0.id,
        a1_0.city,
        a1_0.country,
        a1_0.street,
        s1_0.id,
        s1_0.age,
        s1_0.email,
        s1_0.name 
    from
        addresses a1_0 
    left join
        students s1_0 
            on s1_0.id=a1_0.student_id 
    where
        a1_0.student_id=?
2026-10-09T03:03:23.143Z DEBUG 7888 --- [school-management] [http-nio-8080-exec-5] org.hibernate.SQL                        : 
    select
        a1_0.id,
        a1_0.city,
        a1_0.country,
        a1_0.street,
        s1_0.id,
        s1_0.age,
        s1_0.email,
        s1_0.name 
    from
        addresses a1_0 
    left join
        students s1_0 
            on s1_0.id=a1_0.student_id 
    where
        a1_0.student_id=?
2026-10-09T03:03:23.144Z DEBUG 7888 --- [school-management] [http-nio-8080-exec-5] org.hibernate.SQL                        : 
    select
        a1_0.id,
        a1_0.city,
        a1_0.country,
        a1_0.street,
        s1_0.id,
        s1_0.age,
        s1_0.email,
        s1_0.name 
    from
        addresses a1_0 
    left join
        students s1_0 
            on s1_0.id=a1_0.student_id 
    where
        a1_0.student_id=?
2026-10-09T03:03:23.146Z DEBUG 7888 --- [school-management] [http-nio-8080-exec-5] org.hibernate.SQL                        : 
    select
        count(s1_0.id) 
    from
        students s1_0
2026-10-09T03:03:25.618Z DEBUG 7888 --- [school-management] [http-nio-8080-exec-8] org.hibernate.SQL                        : 
    select
        u1_0.id,
        u1_0.email,
        u1_0.password,
        u1_0.role,
        u1_0.username 
    from
        users u1_0 
    where
        u1_0.username=?
2026-10-09T03:03:25.630Z  INFO 7888 --- [school-management] [http-nio-8080-exec-8] c.s.s.service.StudentService             : Fetching students page: 0, size: 10, sortBy: id
2026-10-09T03:03:25.634Z DEBUG 7888 --- [school-management] [http-nio-8080-exec-8] org.hibernate.SQL                        : 
    select
        s1_0.id,
        s1_0.age,
        s1_0.email,
        s1_0.name 
    from
        students s1_0 
    order by
        s1_0.id 
    offset
        ? rows 
    fetch
        first ? rows only
2026-10-09T03:03:25.638Z DEBUG 7888 --- [school-management] [http-nio-8080-exec-8] org.hibernate.SQL                        : 
    select
        a1_0.id,
        a1_0.city,
        a1_0.country,
        a1_0.street,
        s1_0.id,
        s1_0.age,
        s1_0.email,
        s1_0.name 
    from
        addresses a1_0 
    left join
        students s1_0 
            on s1_0.id=a1_0.student_id 
    where
        a1_0.student_id=?
2026-10-09T03:03:25.643Z DEBUG 7888 --- [school-management] [http-nio-8080-exec-8] org.hibernate.SQL                        : 
    select
        a1_0.id,
        a1_0.city,
        a1_0.country,
        a1_0.street,
        s1_0.id,
        s1_0.age,
        s1_0.email,
        s1_0.name 
    from
        addresses a1_0 
    left join
        students s1_0 
            on s1_0.id=a1_0.student_id 
    where
        a1_0.student_id=?
2026-10-09T03:03:25.644Z DEBUG 7888 --- [school-management] [http-nio-8080-exec-8] org.hibernate.SQL                        : 
    select
        a1_0.id,
        a1_0.city,
        a1_0.country,
        a1_0.street,
        s1_0.id,
        s1_0.age,
        s1_0.email,
        s1_0.name 
    from
        addresses a1_0 
    left join
        students s1_0 
            on s1_0.id=a1_0.student_id 
    where
        a1_0.student_id=?
2026-10-09T03:03:25.645Z DEBUG 7888 --- [school-management] [http-nio-8080-exec-8] org.hibernate.SQL                        : 
    select
        a1_0.id,
        a1_0.city,
        a1_0.country,
        a1_0.street,
        s1_0.id,
        s1_0.age,
        s1_0.email,
        s1_0.name 
    from
        addresses a1_0 
    left join
        students s1_0 
            on s1_0.id=a1_0.student_id 
    where
        a1_0.student_id=?
2026-10-09T03:03:25.646Z DEBUG 7888 --- [school-management] [http-nio-8080-exec-8] org.hibernate.SQL                        : 
    select
        a1_0.id,
        a1_0.city,
        a1_0.country,
        a1_0.street,
        s1_0.id,
        s1_0.age,
        s1_0.email,
        s1_0.name 
    from
        addresses a1_0 
    left join
        students s1_0 
            on s1_0.id=a1_0.student_id 
    where
        a1_0.student_id=?
2026-10-09T03:03:25.646Z DEBUG 7888 --- [school-management] [http-nio-8080-exec-8] org.hibernate.SQL                        : 
    select
        a1_0.id,
        a1_0.city,
        a1_0.country,
        a1_0.street,
        s1_0.id,
        s1_0.age,
        s1_0.email,
        s1_0.name 
    from
        addresses a1_0 
    left join
        students s1_0 
            on s1_0.id=a1_0.student_id 
    where
        a1_0.student_id=?
2026-10-09T03:03:25.648Z DEBUG 7888 --- [school-management] [http-nio-8080-exec-8] org.hibernate.SQL                        : 
    select
        a1_0.id,
        a1_0.city,
        a1_0.country,
        a1_0.street,
        s1_0.id,
        s1_0.age,
        s1_0.email,
        s1_0.name 
    from
        addresses a1_0 
    left join
        students s1_0 
            on s1_0.id=a1_0.student_id 
    where
        a1_0.student_id=?
2026-10-09T03:03:25.649Z DEBUG 7888 --- [school-management] [http-nio-8080-exec-8] org.hibernate.SQL                        : 
    select
        a1_0.id,
        a1_0.city,
        a1_0.country,
        a1_0.street,
        s1_0.id,
        s1_0.age,
        s1_0.email,
        s1_0.name 
    from
        addresses a1_0 
    left join
        students s1_0 
            on s1_0.id=a1_0.student_id 
    where
        a1_0.student_id=?
2026-10-09T03:03:25.650Z DEBUG 7888 --- [school-management] [http-nio-8080-exec-8] org.hibernate.SQL                        : 
    select
        a1_0.id,
        a1_0.city,
        a1_0.country,
        a1_0.street,
        s1_0.id,
        s1_0.age,
        s1_0.email,
        s1_0.name 
    from
        addresses a1_0 
    left join
        students s1_0 
            on s1_0.id=a1_0.student_id 
    where
        a1_0.student_id=?
2026-10-09T03:03:25.651Z DEBUG 7888 --- [school-management] [http-nio-8080-exec-8] org.hibernate.SQL                        : 
    select
        a1_0.id,
        a1_0.city,
        a1_0.country,
        a1_0.street,
        s1_0.id,
        s1_0.age,
        s1_0.email,
        s1_0.name 
    from
        addresses a1_0 
    left join
        students s1_0 
            on s1_0.id=a1_0.student_id 
    where
        a1_0.student_id=?
2026-10-09T03:03:25.652Z DEBUG 7888 --- [school-management] [http-nio-8080-exec-8] org.hibernate.SQL                        : 
    select
        count(s1_0.id) 
    from
        students s1_0
2026-10-09T03:03:36.474Z DEBUG 7888 --- [school-management] [scheduling-1] org.hibernate.SQL                        : 
    select
        count(*) 
    from
        students s1_0
2026-10-09T03:04:00.578Z DEBUG 7888 --- [school-management] [http-nio-8080-exec-9] org.hibernate.SQL                        : 
    select
        u1_0.id,
        u1_0.email,
        u1_0.password,
        u1_0.role,
        u1_0.username 
    from
        users u1_0 
    where
        u1_0.username=?
2026-10-09T03:04:00.590Z  INFO 7888 --- [school-management] [http-nio-8080-exec-9] c.s.s.service.CourseService              : Fetching all courses
2026-10-09T03:04:00.593Z DEBUG 7888 --- [school-management] [http-nio-8080-exec-9] org.hibernate.SQL                        : 
    select
        c1_0.id,
        c1_0.description,
        c1_0.name,
        c1_0.teacher_id 
    from
        courses c1_0 
    order by
        c1_0.id 
    offset
        ? rows 
    fetch
        first ? rows only
2026-10-09T03:04:00.603Z DEBUG 7888 --- [school-management] [http-nio-8080-exec-9] org.hibernate.SQL                        : 
    select
        count(c1_0.id) 
    from
        courses c1_0
2026-10-09T03:04:05.221Z DEBUG 7888 --- [school-management] [http-nio-8080-exec-10] org.hibernate.SQL                        : 
    select
        u1_0.id,
        u1_0.email,
        u1_0.password,
        u1_0.role,
        u1_0.username 
    from
        users u1_0 
    where
        u1_0.username=?
2026-10-09T03:04:05.230Z  INFO 7888 --- [school-management] [http-nio-8080-exec-10] c.s.s.service.CourseService              : Fetching all courses
2026-10-09T03:04:05.232Z DEBUG 7888 --- [school-management] [http-nio-8080-exec-10] org.hibernate.SQL                        : 
    select
        c1_0.id,
        c1_0.description,
        c1_0.name,
        c1_0.teacher_id 
    from
        courses c1_0 
    order by
        c1_0.id 
    offset
        ? rows 
    fetch
        first ? rows only
2026-10-09T03:04:05.238Z DEBUG 7888 --- [school-management] [http-nio-8080-exec-10] org.hibernate.SQL                        : 
    select
        count(c1_0.id) 
    from
        courses c1_0
2026-10-09T03:04:06.474Z DEBUG 7888 --- [school-management] [scheduling-1] org.hibernate.SQL                        : 
    select
        count(*) 
    from
        courses c1_0
2026-10-09T03:04:06.477Z DEBUG 7888 --- [school-management] [scheduling-1] org.hibernate.SQL                        : 
    select
        count(*) 
    from
        students s1_0
2026-10-09T03:04:36.474Z DEBUG 7888 --- [school-management] [scheduling-1] org.hibernate.SQL                        : 
    select
        count(*) 
    from
        students s1_0
2026-10-09T03:05:06.475Z DEBUG 7888 --- [school-management] [scheduling-1] org.hibernate.SQL                        : 
    select
        count(*) 
    from
        courses c1_0
2026-10-09T03:05:06.478Z DEBUG 7888 --- [school-management] [scheduling-1] org.hibernate.SQL                        : 
    select
        count(*) 
    from
        students s1_0
2026-10-09T03:05:28.867Z DEBUG 7888 --- [school-management] [http-nio-8080-exec-3] org.hibernate.SQL                        : 
    select
        u1_0.id,
        u1_0.email,
        u1_0.password,
        u1_0.role,
        u1_0.username 
    from
        users u1_0 
    where
        u1_0.username=?
2026-10-09T03:05:36.474Z DEBUG 7888 --- [school-management] [scheduling-1] org.hibernate.SQL                        : 
    select
        count(*) 
    from
        students s1_0
2026-10-09T03:06:06.474Z DEBUG 7888 --- [school-management] [scheduling-1] org.hibernate.SQL                        : 
    select
        count(*) 
    from
        courses c1_0
2026-10-09T03:06:06.480Z DEBUG 7888 --- [school-management] [scheduling-1] org.hibernate.SQL                        : 
    select
        count(*) 
    from
        students s1_0
2026-10-09T03:06:36.474Z DEBUG 7888 --- [school-management] [scheduling-1] org.hibernate.SQL                        : 
    select
        count(*) 
    from
        students s1_0
2026-10-09T03:07:06.474Z DEBUG 7888 --- [school-management] [scheduling-1] org.hibernate.SQL                        : 
    select
        count(*) 
    from
        courses c1_0
2026-10-09T03:07:06.479Z DEBUG 7888 --- [school-management] [scheduling-1] org.hibernate.SQL                        : 
    select
        count(*) 
    from
        students s1_0
2026-10-09T03:07:37.599Z DEBUG 7888 --- [school-management] [scheduling-1] org.hibernate.SQL                        : 
    select
        count(*) 
    from
        students s1_0
2026-10-09T03:08:06.476Z DEBUG 7888 --- [school-management] [scheduling-1] org.hibernate.SQL                        : 
    select
        count(*) 
    from
        courses c1_0
2026-10-09T03:08:06.482Z DEBUG 7888 --- [school-management] [scheduling-1] org.hibernate.SQL                        : 
    select
        count(*) 
    from
        students s1_0
